選手名,登録番号,卒業期,地区,ホームバンク,府県,脚質,生年月日,縁故選手,友人,練習仲間,練習グループ,師匠,弟子,好きな周長,好きな車番,好きな食べ物,嫌いな食べ物
相川　永伍,14448,95期,関東,大宮,埼玉県,追,1983/12/1,相川 武男(叔父40期・引退),-,-,スタミナ道場,飯田　威文（埼　玉・67期）,植原　琢也（埼　玉・113期）、吉田　晏生（埼　玉・123期）、佐藤譲士郎（埼　玉・123期）,500m,3,肉・白米,梅干し
相澤　政宏,14711,99期,北日本,-,宮城県,追,1979/3/30,相澤 恵一(弟95期),-,阿部　英光（宮　城・89期）,-,岡田　富夫（宮　城・39期）,-,-,２・３,焼き肉,無し
青木　瑞樹,15725,123期,中国,玉野,岡山県,逃,1999/9/3,-,-,-,安田グループ,櫻井　太士（岡　山・94期）,-,333m,9,にんにくやのラーメン,-
青野　将大,15436,117期,南関東,川崎,神奈川県,逃,1994/6/28,-,-,小原　太樹（神奈川・95期）、新村　穣（神奈川・119期）、池邉　聖（神奈川・123期）、塩島嵩一朗（神奈川・125期）,川崎競輪場グループ,小原　太樹（神奈川・95期）,-,400m,7,焼肉,酢の物
青森　伸也,13829,87期,北日本,いわき平,福島県,追,1977/4/22,-,-,鈴木　健一（福　島・69期）、齋藤　和也（福　島・78期）,夢道場,添田　広福（福　島・49期）,-,-,2,もち,魚貝類
青柳　靖起,15473,117期,九州,武雄,佐賀県,逃,2000/2/18,-,江連　和洋（栃　木・76期）,山崎　岳志（佐　賀・74期）、立部　楓真（佐　賀・115期）,-,山崎　岳志（佐　賀・74期）,-,400m,1,すし,なし
秋本　耀太郎,15421,117期,関東,宇都宮,栃木県,逃,1998/2/27,-,眞杉　匠（栃　木・113期）、戸邉　捺希（埼　玉・117期）、藤田　周磨（埼　玉・117期）、石原　颯（香　川・117期）、隅田　洋介（岡　山・107期）,眞杉　匠（栃　木・113期）、隅田　洋介（岡　山・107期）、金子　幸央（栃　木・101期）、神山　尚（栃　木・109期）、塚本　和宏（栃　木・90期）、長島　大介（栃　木・96期）,ＹＳＫ,塚本　和宏（栃　木・90期）,-,500m,3,オムライス、プリン,-
浅井　康太,14089,90期,中部,四日市,三重県,両,1984/6/22,-,-,溝口　葵（三　重・117期）,-,佐久間重光（三　重・41期）,伊藤　稔真（三　重・111期）、伊藤　優里（三　重・126期）,-,-,-,-
朝倉　智仁,15334,115期,関東,取手,茨城県,逃,1999/8/4,-,竹元　健竜（福　岡・115期）、小畑　勝広（茨　城・115期）、佐藤　礼文（茨　城・115期）、村上　竜馬（広　島・115期）,横山　尚則（茨　城・100期）、吉田　拓矢（茨　城・107期）、吉田　有希（茨　城・119期）、木村　皆斗（茨　城・119期）、橋本　壮史（茨　城・119期）,佐藤誘導友の会,横山　尚則（茨　城・100期）,-,400m,-,王道家,王道家以外
朝倉　佳弘,14071,90期,関東,京王閣,東京都,追,1980/11/3,-,-,古川　宗行（東　京・96期）、近藤　寛央（東　京・97期）,-,森田　茂（東　京・43期）,-,-,1,甘い物、魚、肉,-
芦澤　辰弘,14441,95期,関東,取手,茨城県,追,1988/6/29,芦澤 大輔(兄90期),-,芦澤　大輔（茨　城・90期）、小坂　丈（茨　城・121期）,-,芦澤　大輔（茨　城・90期）,-,400m,２・７,寿司､メロン､焼きそば､ラーメン,パクチー、セロリ
芦澤　大輔,14055,90期,関東,取手,茨城県,追,1982/4/9,芦澤 辰弘(弟95期),山中　貴雄（高　知・90期）,-,-,木村　泰丈（茨　城・65期）,小坂　丈（茨　城・121期）,400m,4,肉,ナスの漬け物
阿竹　智史,14105,90期,四国,小松島,徳島県,両,1982/4/15,-,-,小倉　竜二（徳　島・77期）、室井　健一（徳　島・69期）、田村　英輝（徳　島・78期）、滝山　実（徳　島・84期）、大久保直也（徳　島・85期）、山本　宏明（徳　島・83期）、佐竹　和也（徳　島・83期）,-,小倉　竜二（徳　島・77期）,-,-,8,-,-
安彦　統賀,15604,121期,関東,大宮,埼玉県,両,1999/1/16,-,東矢　圭吾（熊　本・121期）、岸田　剛（福　井・121期）、篠田　幸希（群　馬・123期）、松本　京太（静　岡・123期）、桑名　僚也（埼　玉・119期）、松岡　辰泰（熊　本・117期）,太田　真一（埼　玉・75期）、太田　龍希（埼　玉・117期）、荒川　達郎（埼　玉・123期）、川田　真也（埼　玉・125期）,-,太田　真一（埼　玉・75期）,-,500m,3,寿司,筍、レバー
阿部　英斗,15840,125期,九州,小倉,福岡県,逃,2004/5/23,-,岩井　芯（岐　阜・125期）、山崎　歩夢（福　島・125期）、中石　湊（北海道・125期）,園田　匠（福　岡・87期）、小川　勇介（福　岡・90期）、松尾信太郎（福　岡・92期）、市橋司優人（福　岡・103期）、嶋田　誠也（福　岡・109期）、岩谷　拓磨（福　岡・115期）、中川　聖大（福　岡・121期）、松本　定（福　岡・125期）,不動會,吉岡　稔真（福　岡・65期）,-,400m,1,資さんうどん,なし
安部　貴之,14208,92期,北日本,-,宮城県,追,1983/8/7,-,-,加美山隆行（宮　城・92期）、和田　圭（宮　城・92期）、早坂　秀悟（茨　城・90期）、竹山　陵太（宮　城・91期）、大内　達也（宮　城・72期）,-,相原　健樹（宮　城・51期）,-,400m,3,-,-
阿部　拓真,15035,107期,北日本,-,宮城県,両,1990/11/3,-,-,荻原　尚人（宮　城・89期）、櫻井　正孝（宮　城・100期）,-,荻原　尚人（宮　城・89期）,木村　佑来（宮　城・119期）,-,-,果物,-
阿部　大樹,14370,94期,関東,大宮,埼玉県,両,1989/2/7,-,山本　奨（岡　山・94期）,新井　剛央（埼　玉・86期）、大澤　雄大（埼　玉・89期）、岡　光良（埼　玉・94期）、高橋　泰裕（埼　玉・107期）、池田　勇人（埼　玉・90期）、菱沼　元樹（埼　玉・111期）、小玉　勇一（埼　玉・113期）,-,-,-,-,１・９,カツ丼・天丼,レバー・しゃこ
阿部　将大,15474,117期,九州,別府,大分県,逃,1996/6/14,-,-,山崎　翼（大　分・95期）、松田　直也（大　分・92期）、高橋　義秋（大　分・96期）、魚屋　周成（大　分・99期）、大西　貴晃（大　分・101期）、高橋綜一郎（大　分・119期）、高橋　優斗（大　分・121期）,-,山崎　翼（大　分・95期）,高橋　優斗（大　分・121期）,400m,２・９,焼肉,納豆
阿部　力也,14794,100期,北日本,-,宮城県,追,1988/3/22,-,-,太田　貴之（宮　城・88期）、安部　貴之（宮　城・92期）、菅田　壱道（宮　城・91期）、山崎　将幸（宮　城・92期）、會澤　龍（宮　城・105期）,-,高浜　裕一（宮　城・69期）,-,-,１・２・９,チーズ,貝
雨谷　一樹,14505,96期,関東,宇都宮,栃木県,両,1990/1/14,-,-,-,小坂敏之,飯嶋　則之（栃　木・81期）,-,-,1,すきやき,-
天田　裕輝,14143,91期,関東,前橋,群馬県,両,1985/4/12,-,-,今泉　薫（群　馬・89期）、石井　和明（群　馬・105期）,チームNo.１,菊池　秀樹（群　馬・59期）,-,-,1,そば,パクチー
荒井　崇博,13516,82期,九州,佐世保,長崎県,両,1978/4/3,-,-,-,-,原　司（佐　賀・70期）,橋本　瑠偉（栃　木・113期）,-,7,-,-
荒川　達郎,15696,123期,関東,大宮,埼玉県,逃,1999/6/30,-,熊崎　麻人（埼　玉・123期）、佐藤譲士郎（埼　玉・123期）、助川翔太郎（埼　玉・123期）、松本　京太（静　岡・123期）、吉田　晏生（埼　玉・123期）、岡本　翔（愛　媛・123期）,太田　真一（埼　玉・75期）、安彦　統賀（埼　玉・121期）、太田　龍希（埼　玉・117期）、川田　真也（埼　玉・125期）,-,太田　真一（埼　玉・75期）,-,400m,１・９,-,-
荒澤　貴史,13669,85期,北日本,函館,北海道,追,1978/10/17,-,-,菊地　圭尚（北海道・89期）,-,大橋　秀人（北海道・44期）,-,-,-,焼肉・すし,なす・レバー
安倍　大成,15609,121期,関東,大宮,埼玉県,逃,1998/10/30,-,比佐　宝太（福　島・121期）,-,-,大矢　崇弘（東　京・107期）,-,400m,3,いちご,-
飯田　憲司,14527,96期,南関東,静岡,静岡県,両,1983/4/3,-,-,-,富士川緑地公園,深澤　伸介（静　岡・76期）,-,-,１・３,焼き肉・珍味,野菜
飯田　裕次,14623,97期,九州,小倉,福岡県,追,1985/8/22,-,-,樫山　恭柄（福　岡・92期）、是永　幸寛（福　岡・94期）、松尾　透（福　岡・96期）,-,-,-,-,２・３,ラーメン・焼肉,酒
飯野　祐太,14052,90期,北日本,いわき平,福島県,両,1984/9/20,-,鈴木謙太郎（茨　城・90期）、小野　大介（福　島・91期）、岡田　哲夫（福　島・92期）、小酒　大司（福　島・94期）,前川　大輔（福　島・113期）、山田　祐太（福　島・113期）、井寺　亮太（長　崎・113期）、板垣　昴（北海道・115期）、宇佐見優介（福　島・115期）、高橋　晋也（福　島・115期）,-,平沼　由充（福　島・83期）,-,-,2,肉・大福,-
五十嵐　力,13852,87期,南関東,川崎,神奈川県,追,1979/1/17,-,-,勝瀬　卓也（神奈川・84期）、溝口　和人（神奈川・85期）、福田　知也（神奈川・88期）、大西　健士（神奈川・88期）、森川　剛（神奈川・89期）,-,五十嵐敬二（神奈川・42期）,-,-,-,-,-
猪狩　祐樹,14716,99期,北日本,いわき平,福島県,両,1987/7/2,-,-,-,-,鈴木　栄司（千　葉・50期）,-,-,1,ラーメン,セロリ
池田　憲昭,14104,90期,四国,高松,香川県,追,1982/4/26,-,-,蓮井　祐輝（香　川・93期）、原　誠宏（香　川・91期）、宮崎　康司（香　川・94期）、戸田　康平（香　川・101期）、森安　崇之（香　川・84期）、清水　邦章（香　川・68期）、吉田　周司（香　川・70期）,-,堀田　耕市（香　川・61期）,宮崎　康司（香　川・94期）、戸田　康平（香　川・101期）,-,1,焼肉・寿司,セロリ
池田　勇人,14066,90期,関東,大宮,埼玉県,追,1985/5/12,-,-,阿部　大樹（埼　玉・94期）、新井　剛央（埼　玉・86期）、大澤　雄大（埼　玉・89期）、岡　光良（埼　玉・94期）、高橋　泰裕（埼　玉・107期）、菱沼　元樹（埼　玉・111期）、小玉　勇一（埼　玉・113期）,-,黄金井　憲（埼　玉・54期）,-,-,7,すし・焼肉・カレー,-
池田　良,14184,91期,中国,広島,広島県,追,1986/1/9,-,-,-,-,桶谷　義文（広　島・50期）,-,-,2,-,-
池野　健太,15116,109期,近畿,-,兵庫県,逃,1992/1/6,-,佐伯　辰哉（広　島・109期）、小林　令（山　梨・109期）,-,-,澤田　義和（兵　庫・69期）,-,-,3,牛タン,きのこ
石川　裕二,14723,99期,関東,取手,茨城県,追,1984/4/5,-,-,木村　貴宏（茨　城・80期）、廣瀬　裕道（茨　城・71期）、平石　浩之（茨　城・87期）、石渡　正也（茨　城・87期）、芦澤　大輔（茨　城・90期）、芦澤　辰弘（茨　城・95期）、杉本　正隆（茨　城・96期）、野間　司（茨　城・94期）,-,木村　貴宏（茨　城・80期）,-,-,１・２,つぶ貝,カキ
石口　慶多,14949,103期,近畿,-,兵庫県,両,1988/12/22,-,-,鈴木　勘市（兵　庫・48期）,-,鈴木　勘市（兵　庫・48期）,末廣　快理（兵　庫・121期）,400m,２・３,猪鍋、鹿刺し,納豆
石毛　克幸,13628,84期,南関東,千葉,千葉県,追,1977/1/15,-,-,小林　稜武（栃　木・113期）,利根川グループ,小林　裕司（千　葉・71期）,小林　稜武（栃　木・113期）,-,1,-,-
石塚　慶一郎,15541,119期,近畿,和歌山,和歌山県,両,2002/1/19,石塚正浩（父56期・引退）石塚輪太郎（兄105期）,桑名　僚也（埼　玉・119期）、近藤　翔馬（愛　媛・119期）、田川　翔琉（熊　本・119期）、徳田　匠（京　都・119期）、中島　詩音（山　梨・119期）,石塚輪太郎（和歌山・105期）、日浦　崇道（和歌山・109期）、布居　翼（和歌山・109期）,フェニックス基地グループ,石塚輪太郎（和歌山・105期）,-,400m,5,焼肉、お寿司,お好み焼き
石塚　孝幸,14016,89期,南関東,川崎,神奈川県,追,1980/3/6,-,-,-,-,天笠　眞（神奈川・48期）,-,-,-,焼肉,-
石塚　輪太郎,15006,105期,近畿,和歌山,和歌山県,逃,1993/12/7,石塚 正浩(父56期・引退)石塚慶一郎(弟119期）,清水　裕友（山　口・105期）、下岡　優季（愛　知・105期）、高木　翔（岩　手・105期）、中島　将尊（東　京・105期）、渡邉　雄太（静　岡・105期）,日浦　崇道（和歌山・109期）、布居　翼（和歌山・109期）,フェニックス基地グループ,石塚　正浩（和歌山・56期）,石塚慶一郎（和歌山・119期）,333m,１・３・７,うなぎ、中華料理,-
石原　颯,15465,117期,四国,高松,香川県,逃,1999/12/4,-,戸邉　捺希（埼　玉・117期）、藤田　周磨（埼　玉・117期）、長谷部龍一（岐　阜・117期）、松本　一志（宮　崎・117期）、兼本　将太（熊　本・117期）、秋本耀太郎（栃　木・117期）、町田　太我（広　島・117期）,吉田　彰久（香　川・80期）、北野　佑汰（香　川・115期）、町田　太我（広　島・117期）,-,吉田　彰久（香　川・80期）,-,400m,3,焼肉,なす
石橋　慎太郎,13947,88期,南関東,静岡,静岡県,追,1983/2/1,-,櫻井　丈（静　岡・89期）、大森　慶一（北海道・88期）、牛田樹希斗（愛　知・119期）,鈴木　良太（静　岡・86期）、櫻井　丈（静　岡・89期）、日高　裕太（静　岡・121期）,鈴木一家,-,-,-,8,焼き肉,グリンピース・さといも
和泉　尚吾,15468,117期,四国,松山,愛媛県,両,1997/1/7,-,下野　義城（愛　媛・115期）、宗崎　世連（高　知・100期）,佐々木　豪（愛　媛・109期）、中岡　海（愛　媛・123期）,-,大森　績（愛　媛・59期）,-,400m,２・７,和菓子、寿司,辛い物、生野菜
伊勢崎　彰大,13410,81期,南関東,千葉,千葉県,追,1978/10/12,新田祐大,中村　浩士（千　葉・79期）、古川　孝行（千　葉・84期）、濱田　浩司（愛　媛・81期）、海老根恵太（千　葉・86期）、赤井　学（千　葉・77期）、太刀川一成（千　葉・100期）、武井　大介（千　葉・86期）、藤田　大輔（千　葉・91期）,-,-,滝澤　正光（千　葉・43期）,-,500m,２・３,寿司・蕎麦・焼肉,生エビ
磯島　成介,15322,115期,北日本,-,青森県,逃,1999/7/19,磯島康祐（105期）,阿部架惟都（宮　城・115期）、宮崎　大空（熊　本・115期）、鈴木　薫（東　京・115期）,-,-,磯島　康祐（青　森・105期）,-,400m,9,肉,-
磯田　旭,14506,96期,関東,宇都宮,栃木県,追,1989/11/5,-,幸田　望夢（栃　木・115期）、上川　直紀（栃　木・117期）、藤野　竜也（栃　木・117期）、橋本　瑠偉（栃　木・113期）、青木　美優（栃　木・106期）、土屋　珠里（大　阪・110期）、福田　滉（栃　木・115期）、星野　辰也（栃　木・95期）、中川　貴徳（栃　木・91期）、古川　尚耶（栃　木・92期）,眞杉　匠（栃　木・113期）、坂井　洋（栃　木・115期）、長島　大介（栃　木・96期）、岡田　泰地（栃　木・100期）、神山　拓弥（栃　木・91期）、金子　幸央（栃　木・101期）、雨谷　一樹（栃　木・96期）、中村　隆生（栃　木・117期）、江連　和洋（栃　木・76期）,-,黒田　充（栃　木・73期）,-,-,6,グラタン,ピクルス
板垣　昴,15329,115期,北日本,函館,北海道,逃,1992/5/2,-,幸田　望夢（栃　木・115期）、北野　佑汰（香　川・115期）、小原丈一郎（青　森・115期）,飯野　祐太（福　島・90期）、前川　大輔（福　島・113期）、井寺　亮太（長　崎・113期）、山田　祐太（福　島・113期）、宇佐見優介（福　島・115期）、高橋　晋也（福　島・115期）,-,飯野　祐太（福　島・90期）,-,333m,３・９,ピザ,マンゴー
市田　龍生都,15868,127期,近畿,福井,福井県,逃,2001/9/28,市田佳寿浩（76期・引退）,-,北川　紋部（福　井・78期）、小森　貴大（福　井・111期）、清水　剛志（福　井・103期）、内山　慧大（福　井・123期）、枠元　一葵（福　井・117期）,市田道場,市田佳寿浩（福　井・76期）,-,-,-,そば,きのこ
一戸　康宏,14863,101期,関東,大宮,埼玉県,両,1987/8/21,-,-,-,-,小沼　良（埼　玉・68期）,-,-,１・２・９,-,-
市橋　司優人,14955,103期,九州,小倉,福岡県,両,1992/6/30,-,-,小川　勇介（福　岡・90期）、永田　隼一（福　岡・95期）、松尾信太郎（福　岡・92期）、園田　匠（福　岡・87期）、嶋田　誠也（福　岡・109期）、岩谷　拓磨（福　岡・115期）,-,藤井　克衛（福　岡・57期）,-,400m,１・２・３・５・９,生肉,大根・バナナ
一丸　尚伍,15655,121期,九州,別府,大分県,逃,1992/1/4,-,近谷　涼（富　山・121期）,安東　宏高（大　分・90期）、甲斐　俊祐（大　分・121期）、高橋　優斗（大　分・121期）、長松　大祐（大　分・121期）,-,安東　宏高（大　分・90期）,-,-,1,ｱｲｽ､ﾁｮｺ､雪の宿､たまご焼き､ﾊﾝﾊﾞｰｸﾞ､ﾌﾟﾘﾝ,えび
五日市　誠,13982,89期,北日本,-,青森県,追,1984/7/2,-,-,小橋　明紀（青　森・73期）、小橋　秀幸（青　森・85期）,-,小橋　明紀（青　森・73期）,-,-,9,フルーツ,ナマコ
伊藤　旭,15475,117期,九州,熊本,熊本県,両,2000/5/8,-,小浦　凪（岐　阜・117期）、久田　裕也（徳　島・117期）、青柳　靖起（佐　賀・117期）、藤野　竜也（栃　木・117期）、小笠原　光（岩　手・117期）,松岡　辰泰（熊　本・117期）、松本秀之介（熊　本・117期）、田川　辰二（熊　本・72期）,-,田川　辰二（熊　本・72期）,-,333m,3,ホルモン,なし
伊藤　慶太郎,15041,107期,関東,大宮,埼玉県,逃,1993/11/23,伊藤 公人(父40期・引退),山岸　佳太（茨　城・107期）、高橋　泰裕（埼　玉・107期）、小林　史也（和歌山・107期）,伊藤　公人（埼　玉・40期）、峠　祐介（埼　玉・78期）、尾崎　剛（埼　玉・79期）、市倉　孝良（東　京・77期）、中村　淳（栃　木・69期）、山崎　充央（東　京・79期）、安部　達也（埼　玉・83期）,-,伊藤　公人（埼　玉・40期）,-,-,１・３・７,焼き肉（タン塩）、マグロ,無し
伊藤　勝太,14435,95期,中部,名古屋,愛知県,追,1988/4/30,-,上田　栄蔵（福　島・95期）、山崎　司（福　島・95期）,山崎　芳仁（福　島・88期）、山崎　司（福　島・95期）、本馬　鎌（福　島・109期）、北野　良栄（茨　城・95期）、西脇美唯奈（愛　知・120期）、纐纈　洸翔（愛　知・121期）,-,金古　将人（福　島・67期）,-,-,1,肉・和菓子,生魚
伊藤　信,14253,92期,近畿,岸和田,大阪府,逃,1983/10/28,-,佐藤　佑一（岩　手・92期）、戸田　洋平（岡　山・92期）、後藤　彰仁（岐　阜・92期）、佐藤　幸治（長　崎・92期）、片山　智晴（岡　山・92期）、山田　義彦（埼　玉・92期）,猪俣　康一（愛　知・99期）、中井　勇介（大　阪・100期）、柳原　司（大　阪・98期）、佐川　翔吾（大　阪・94期）,手嶋ｸﾞﾙｰﾌﾟ、淀川河川敷ｸﾞﾙｰﾌﾟ,-,-,-,１・２・６,コーヒー・パン,納豆・メロン
伊藤　成紀,14096,90期,近畿,-,大阪府,両,1982/7/5,-,-,丸山　繁一（兵　庫・59期）、柳原　司（大　阪・98期）、岡嶋　登（大　阪・99期）,ＫＣＳＣグループ,丸山　繁一（兵　庫・59期）,柳原　司（大　阪・98期）、岡嶋　登（大　阪・99期）,-,１・４,だし巻玉子,グリンピース・かす汁
伊藤　颯馬,15390,115期,九州,-,沖縄県,逃,1999/3/24,-,竹元　健竜（福　岡・115期）、南　蓮（和歌山・115期）、星野　洋輝（福　島・115期）、張野　幸聖（和歌山・115期）、小原丈一郎（青　森・115期）、佐々木悠葵（群　馬・115期）、松坂　侑亮（神奈川・115期）,仲松　勝太（沖　縄・96期）、ラモスレオ（沖　縄・113期）、照屋　将貴（沖　縄・111期）,仲松道場,仲松　勝太（沖　縄・96期）,-,333m,1,-,-
伊藤　大志,13747,86期,北日本,青森,青森県,追,1979/5/20,渋谷 錬(弟103期),-,佐藤　友香（青　森・110期）,-,葛西　新藏（青　森・33期）,佐藤　友香（青　森・110期）,333m,-,豆、オムライス,梅
伊東　翔貴,14800,100期,北日本,いわき平,福島県,逃,1990/9/10,-,古性　優作（大　阪・100期）、新井僚太郎（山　梨・100期）、箱田　優樹（青　森・98期）、坂本　周輝（青　森・100期）,-,-,小林　孝文（福　島・89期）,-,-,5,餃子、焼肉,-
伊藤　正樹,12669,71期,中部,名古屋,愛知県,追,1972/9/28,-,大薗　宏（茨　城・71期）,朝日　勇（愛　知・74期）、宮司　周郎（愛　知・82期）,-,釜田　和明（愛　知・52期）,-,-,3,焼肉・寿司,-
伊藤　裕貴,14831,100期,中部,四日市,三重県,両,1992/2/2,伊藤稔真(111期),桜井　雄太（愛　知・100期）、大洞　翔平（岐　阜・100期）,-,北勢グループのみなさん、Ｃ教場,佐久間重光（三　重・41期）,-,-,1,焼肉,しいたけ
伊東　佑晟,15816,125期,中部,松阪,三重県,逃,2002/9/12,-,中西　勇（福　岡・125期）、高野　信元（愛　知・125期）、福田　稔希（栃　木・125期）、志田愛希飛（富　山・125期）、岩元　叶馬（富　山・125期）,舛井　幹雄（三　重・71期）、高谷進太郎（三　重・85期）、東　鉄也（三　重・88期）、倉野隆太郎（三　重・91期）、皿屋　豊（三　重・111期）、真鍋　顕汰（三　重・121期）、竹野　百香（三　重・124期）、佐藤　大地（三　重・125期）、梅澤　忠秀（三　重・125期）,青山グループ,舛井　幹雄（三　重・71期）,-,400m,1,刺身、焼肉、甘い物,レバー
稲川　翔,14097,90期,近畿,-,大阪府,両,1985/2/20,-,-,-,-,北村　尚勝（大　阪・50期）,-,-,2,中華,バナナ・牛乳
稲垣　裕之,13790,86期,近畿,向日町,京都府,両,1977/7/28,-,-,-,-,八倉伊佐夫（京　都・42期）,山崎　光展（京　都・93期）,-,-,-,なし
稲毛　健太,14606,97期,近畿,和歌山,和歌山県,逃,1989/6/28,-,-,-,-,西野　卓也（和歌山・44期）,-,-,2,寿司,-
稲吉　悠大,14262,92期,九州,久留米,福岡県,追,1986/10/13,-,桑原　亮（福　岡・91期）,桑原　亮（福　岡・91期）、枝光　美奈（福　岡・124期）,-,中原　優（福　岡・44期）,枝光　美奈（福　岡・124期）,-,１・３,レバ刺,トマト
犬伏　湧也,15553,119期,四国,小松島,徳島県,逃,1995/7/22,小林峰夫,山崎　航（山　口・119期）、大槇　大介（岡　山・119期）、吉田　悟（熊　本・119期）、米嶋　恵介（岡　山・119期）,蒋野　翔太（徳　島・115期）、島川　将貴（徳　島・109期）,-,小倉　竜二（徳　島・77期）,-,400m,1,焼肉、寿司,-
井上　昌己,13815,86期,九州,佐世保,長崎県,追,1979/7/25,-,-,江口　晃正（長　崎・75期）、米嶋　賢二（長　崎・77期）、井手　健（長　崎・79期）、山口幸太郎（長　崎・99期）、西田　将士（長　崎・105期）、船倉　卓郎（長　崎・99期）、平尾　一晃（長　崎・111期）、山崎　賢人（長　崎・111期）,-,平尾　昌也（長　崎・58期）,平尾　一晃（長　崎・111期）,-,1,-,なし
今村　麟太郎,15198,111期,四国,高知,高知県,両,1996/2/14,-,藏本　徹二（広　島・111期）、藤原俊太郎（岡　山・111期）,篠原　龍馬（高　知・89期）、田尾　駿介（高　知・111期）,-,篠原　龍馬（高　知・89期）,-,-,2,ラーメン・パスタ,貝類
伊代野　貴照,14878,101期,近畿,奈良,奈良県,追,1980/10/29,-,萱島　大介（大　分・99期）,-,-,島野　敦識（兵　庫・74期）,-,-,-,-,-
岩井　芯,15814,125期,中部,大垣,岐阜県,逃,2004/10/16,-,志田愛希飛（富　山・125期）、福田　稔希（栃　木・125期）、阿部　英斗（福　岡・125期）、小山　峻汰（熊　本・125期）,-,-,児玉　利文（岐　阜・76期）,-,400m,3,焼き肉,トマト
岩谷　拓磨,15381,115期,九州,小倉,福岡県,逃,1997/4/5,-,浅見　隼（福　岡・115期）、鈴木　涼介（福　島・115期）、松坂　侑亮（神奈川・115期）,園田　匠（福　岡・87期）、小川　勇介（福　岡・90期）、松尾信太郎（福　岡・92期）、永田　隼一（福　岡・95期）、市橋司優人（福　岡・103期）、嶋田　誠也（福　岡・109期）,不動會,吉岡　稔真（福　岡・65期）,-,400m,1,焼肉,トマト
岩津　裕介,13880,87期,中国,玉野,岡山県,追,1982/1/7,-,岡村　潤（静　岡・86期）,-,-,片岡　克巳（岡　山・42期）,岩本　純（岡　山・94期）、戸伏　康夫（岡　山・96期）,-,-,寿司,-
岩本　和也,13045,76期,中部,富山,石川県,追,1975/5/23,-,小川　将人（愛　知・75期）,-,内灘バンクメンバー,飯田　太文（石　川・60期）,又多　風緑（石　川・122期）,-,１・２・４・５・６,おはぎ､炭酸水､淹れたてのコーヒー,-
岩本　俊介,14377,94期,南関東,千葉,千葉県,両,1984/4/13,-,内田　玄希（東　京・94期）、森　佑樹（岡　山・94期）、和田健太郎（千　葉・87期）、野口　裕史（千　葉・111期）,中村　浩士（千　葉・79期）、根田　空史（千　葉・94期）、原田　亮太（千　葉・115期）、田中　まい（千　葉・104期）、山本　紳貴（千　葉・107期）、石井　寛子（東　京・104期）、山本　天平（千　葉・125期）,中村道場,-,-,-,-,からあげ,-
上杉　嘉槻,15539,119期,近畿,福井,福井県,逃,1998/3/27,-,橋本　壮史（茨　城・119期）,脇本　雄太（福　井・94期）、脇本　勇希（福　井・115期）、小松原正登（福　井・117期）、岸田　剛（福　井・121期）、寺崎　浩平（福　井・117期）、寺崎　舞織（福　井・112期）,-,後藤　純平（福　井・78期）,-,333m,3,麺類,南瓜､茄子
上田　国広,14029,89期,中部,四日市,三重県,追,1983/7/30,上田 裕和(兄86期),-,鈴木　幸紀（三　重・78期）、古田　義明（三　重・79期）、上田　裕和（三　重・86期）,-,田中　邦輝（三　重・62期）,-,-,5,-,-
上田　尭弥,15296,113期,九州,熊本,熊本県,逃,1997/12/20,-,嘉永　泰斗（熊　本・113期）、上野　優太（熊　本・113期）、曽我　圭佑（熊　本・113期）、山川　奨太（熊　本・117期）,松岡　貴久（熊　本・90期）、野口　大誠（熊　本・105期）,-,堀　検正（熊　本・81期）,-,400m,2,焼肉,オクラ、とろろ
上田　裕和,13783,86期,中部,四日市,三重県,追,1981/2/20,上田 国広(弟89期),-,鈴木　幸紀（三　重・78期）、古田　義明（三　重・79期）、上田　国広（三　重・89期）,-,田中　邦輝（三　重・62期）,-,-,1,パスタ・しゃぶしゃぶ,セロリ
上野　雅彦,15552,119期,四国,高松,香川県,逃,2001/11/26,-,菅野　航基（宮　城・119期）、石田　拓真（愛　知・119期）、白井優太朗（広　島・119期）、中嶋　樹（大　阪・119期）、村瀬　大和（岐　阜・119期）,福島　武士（香　川・96期）、児玉慎一郎（香　川・76期）、福島　栄一（香　川・93期）、石原　颯（香　川・117期）、北野　佑汰（香　川・115期）,-,福島　武士（香　川・96期）,-,400m,5,焼肉、いちご,あさり
上野　優太,15297,113期,九州,熊本,熊本県,追,1997/1/7,-,橋本　瑠偉（栃　木・113期）、樋口　開土（東　京・113期）、ラモスレオ（沖　縄・113期）、嘉永　泰斗（熊　本・113期）,倉岡慎太郎（熊　本・59期）、嘉永　泰斗（熊　本・113期）、中本　匠栄（熊　本・97期）、大窪　輝之（熊　本・72期）、寺崎　祐樹（熊　本・97期）、森山　智徳（熊　本・98期）、兼本　将太（熊　本・117期）,甲佐グループ,倉岡慎太郎（熊　本・59期）,-,400m,２・９,ラーメン、ポテトサラダ,パクチー
植原　琢也,15244,113期,関東,大宮,埼玉県,逃,1994/6/3,-,黒沢　征治（埼　玉・113期）、森田　優弥（埼　玉・113期）,-,-,相川　永伍（埼　玉・95期）,-,333m,2,野菜,味の濃いもの
上原　龍,14454,95期,関東,-,長野県,追,1985/4/4,-,-,天田　裕輝（群　馬・91期）、荒井　春樹（長　野・99期）、中嶋　宣成（長　野・113期）,-,市村　和昭（長　野・48期）,荒井　春樹（長　野・99期）、中嶋　宣成（長　野・113期）,-,1,魚・肉,-
浮島　知稀,15694,123期,関東,前橋,群馬県,逃,2000/7/20,-,-,須藤　直道（群　馬・68期）、櫻井　学（群　馬・84期）、櫻井　紀幸（群　馬・68期）、金子　真也（群　馬・69期）、高橋　由記（群　馬・88期）,-,須藤　直道（群　馬・68期）,-,333m,1,からあげ,なし
内山　雅貴,15262,113期,南関東,静岡,静岡県,逃,1995/4/3,-,渡邉　直弥（静　岡・113期）,新田　康仁（静　岡・74期）、清水　彩那（静　岡・116期）、鈴木　陸来（静　岡・117期）、當銘沙恵美（愛　知・118期）、當銘　直美（愛　知・114期）,-,新田　康仁（静　岡・74期）,-,400m,-,-,-
梅崎　隆介,15654,121期,九州,佐世保,長崎県,両,1990/3/14,-,南儀　拓海（富　山・121期）、齋藤　雄行（神奈川・121期）、高本　和也（神奈川・121期）、岸田　剛（福　井・121期）,荒井　崇博（長　崎・82期）、井上　昌己（長　崎・86期）、西田　将士（長　崎・105期）、船倉　卓郎（長　崎・99期）、山口幸太郎（長　崎・99期）、井手　健（長　崎・79期）、平尾　一晃（長　崎・111期）,諫早干拓グループ,足達　重満（長　崎・80期）,-,400m,１・９,焼肉,なし
瓜生　崇智,15132,109期,九州,熊本,熊本県,追,1995/2/17,-,内藤　秀久（神奈川・89期）,合志　正臣（熊　本・81期）、山川　奨太（熊　本・117期）,-,合志　正臣（熊　本・81期）,-,-,２・４,鮨,トマト
江連　和洋,13014,76期,関東,宇都宮,栃木県,追,1972/3/6,-,-,-,宇都宮競輪場,瀧深　一彦（栃　木・40期）,青木　美優（栃　木・106期）、片岡　美奈（栃　木・126期）,-,2,ラーメン・寿司,-
海老根　恵太,13765,86期,南関東,千葉,千葉県,追,1977/7/27,-,菊地　圭尚（北海道・89期）、井上　昌己（長　崎・86期）、山田　英明（佐　賀・89期）,武井　大介（千　葉・86期）、藤田　大輔（千　葉・91期）、山本　健也（千　葉・89期）、山中　秀将（千　葉・95期）、近藤　隆司（千　葉・90期）、和田健太郎（千　葉・87期）、伊勢崎彰大（千　葉・81期）,-,森下　太志（千　葉・61期）,-,-,9,魚,セロリ
遠藤　拓巳,15836,125期,四国,高松,香川県,逃,1999/12/29,-,貝原　涼太（栃　木・125期）、塩島嵩一朗（神奈川・125期）、角田　光（福　島・125期）、中島　淳（埼　玉・125期）、小田　恭介（青　森・125期）、阿部　俊（静　岡・125期）、中島　詩音（山　梨・119期）、立花　昌也（青　森・123期）,木村　浩宣（香　川・97期）、児玉慎一郎（香　川・76期）、福島　栄一（香　川・93期）、福島　武士（香　川・96期）、上野　雅彦（香　川・119期）、石原　颯（香　川・117期）、北野　佑汰（香　川・115期）,-,木村　浩宣（香　川・97期）,-,400m,1,寿司,-
大石　剣士,15096,109期,南関東,伊東,静岡県,逃,1995/12/1,-,-,-,伊東地区のみなさん,梶原　亜湖（静　岡・73期）,-,-,3,寿司,レバー、なめこ汁
大石　崇晴,15106,109期,近畿,-,大阪府,両,1992/10/2,-,-,川村　晃司（京　都・85期）、中川　繁樹（京　都・93期）,早朝練習グループ,中川　繁樹（京　都・93期）,-,-,３・５,お好み焼き,トマト
大川　剛,15598,121期,北日本,青森,青森県,逃,1999/1/24,-,小坂　丈（茨　城・121期）、滝本　幸正（新　潟・121期）、真鍋　智寛（愛　媛・121期）,-,八戸地区の皆さま,永澤　剛（青　森・91期）,-,400m,1,-,なし
大川　龍二,14182,91期,中国,広島,広島県,両,1984/9/4,-,-,佐古　雅俊（広　島・45期）、郡　英治（広　島・68期）、阿部　亮治（広　島・64期）、吉永　好宏（広　島・80期）、細川　貴史（広　島・87期）、隅田　幸助（広　島・91期）、戸田みよ子（広　島・102期）、兵動　秀治（広　島・97期）、甲斐下　智（広　島・64期）,佐古グループ,阿部　亮治（広　島・64期）,-,-,6,ぶどう,-
大澤　雄大,14009,89期,関東,大宮,埼玉県,追,1982/2/16,-,-,新井　剛央（埼　玉・86期）、岡　光良（埼　玉・94期）、池田　勇人（埼　玉・90期）、阿部　大樹（埼　玉・94期）、高橋　泰裕（埼　玉・107期）、菱沼　元樹（埼　玉・111期）、小玉　勇一（埼　玉・113期）,-,新井　正昭（埼　玉・31期）,小玉　勇一（埼　玉・113期）,-,9,焼肉・ステーキ・すき焼き・しゃぶしゃぶ,パセリ・ハーブ・きゅうり
太田　海也,15597,121期,中国,玉野,岡山県,逃,1999/7/27,-,近藤　雄太（岡　山・121期）、後藤　大輝（福　岡・121期）、室井蓮太朗（徳　島・121期）、福田　要（宮　崎・121期）、米村　光星（熊　本・121期）、小西　晴己（三　重・121期）、日高　裕太（静　岡・121期）、大川　剛（青　森・121期）、滝本　幸正（新　潟・121期）、長谷川飛向（東　京・121期）,-,-,藤田　昌宏（岡　山・82期）,-,400m,7,全ての食材,なし
太田　龍希,15426,117期,関東,大宮,埼玉県,逃,2000/9/9,太田耕二（59期）太田真一（75期）,藤田　周磨（埼　玉・117期）、戸邉　捺希（埼　玉・117期）、山田　雄大（埼　玉・117期）、桑名　僚也（埼　玉・119期）,太田　真一（埼　玉・75期）、鈴木　孝征（埼　玉・75期）、吉田　勇人（埼　玉・86期）、吉田　裕全（埼　玉・90期）、岸澤　賢太（埼　玉・91期）、細田　愛未（埼　玉・108期）、新井　美菜（埼　玉・116期）,-,太田　真一（埼　玉・75期）,-,-,-,-,-
太田　竜馬,15121,109期,四国,小松島,徳島県,逃,1996/4/4,-,島川　将貴（徳　島・109期）、田村　裕也（徳　島・113期）、川口　雄太（徳　島・111期）,島川　将貴（徳　島・109期）、山本　宏明（徳　島・83期）、原田研太朗（徳　島・98期）、室井　健一（徳　島・69期）、田村　裕也（徳　島・113期）,室井国,山本　宏明（徳　島・83期）,-,-,3,刺身、酸っぱい物,貝、わさび、なす
大塚　玲,14017,89期,南関東,平塚,神奈川県,追,1981/8/24,大塚 円(兄75期・引退)小嶋 雄太(義兄85期・引退),内藤　秀久（神奈川・89期）、佐藤　有輝（神奈川・85期）、吉原　友彦（神奈川・83期）,内藤　秀久（神奈川・89期）、佐藤　有輝（神奈川・85期）、吉原　友彦（神奈川・83期）,-,大塚　円（神奈川・75期）,添田　龍児（神奈川・121期）,-,2,焼肉・寿司・ステーキ,なす
大塚　健一郎,13519,82期,九州,別府,大分県,追,1977/10/14,-,土井　勲（岡　山・82期）、畠山　裕行（神奈川・82期）、松坂　英司（神奈川・82期）、近藤　範昌（岡　山・82期）、野村　純宏（神奈川・82期）、吉岡　篤志（徳　島・82期）,梶原　恵介（大　分・92期）、安部　龍文（大　分・94期）,別府競輪場グループ,山田　文俊（大　分・31期）,-,-,3,焼肉,春巻き・レバー
大槻　寛徳,13673,85期,北日本,-,宮城県,追,1979/5/20,長田 彰人(義弟95期),-,若林　哲夫（宮　城・24期）,-,若林　哲夫（宮　城・24期）,-,-,1,スイカ,ピーマン
大坪　功一,13443,81期,九州,小倉,福岡県,追,1977/4/14,-,-,八谷　誠賢（福　岡・77期）、吉田　勇気（福　岡・117期）、山本　浩成（福　岡・119期）、名川　豊（福　岡・99期）,-,阿部　和彦（福　岡・34期）,吉田　勇気（福　岡・117期）、山本　浩成（福　岡・119期）,-,２，３，９,焼肉,-
大西　貴晃,14890,101期,九州,別府,大分県,両,1992/9/18,-,山崎　翼（大　分・95期）、池部　壮太（大　分・109期）,菅原　晃（大　分・85期）、山崎　翼（大　分・95期）、池部　壮太（大　分・109期）、高橋　義秋（大　分・96期）、萱島　大介（大　分・99期）、魚屋　周成（大　分・99期）、松田　直也（大　分・92期）、阿部　将大（大　分・117期）,-,菅原　晃（大　分・85期）,-,-,3,肉・魚,ゴーヤ
大西　祐,14187,91期,四国,松山,愛媛県,両,1986/12/20,-,-,佐伯　智恵（愛　媛・114期）、北野　佑汰（香　川・115期）,-,高橋　正樹（香　川・48期）,佐伯　智恵（愛　媛・114期）、北野　佑汰（香　川・115期）,333m,4,讃岐うどん･まさ子さんクッキー･ネギ･あっさりした物,牡蠣･鰻･生ｸﾘｰﾑ･むつごい物
大野　悟郎,13593,83期,九州,別府,大分県,追,1979/10/10,-,小佐野文秀（山　梨・83期）,-,-,-,-,-,２・７,-,しいたけ
大洞　翔平,14830,100期,中部,岐阜,岐阜県,追,1991/9/30,大洞 孝義(父49期・引退),-,永井　清史（岐　阜・88期）、川西　貴之（岐　阜・99期）、横関　裕樹（岐　阜・99期）、鷲見　逸喜（岐　阜・79期）,-,松尾　淳（岐　阜・77期）,-,-,１・３,すし、カレー,なす、きゅうり
大槇　大介,15544,119期,中国,玉野,岡山県,逃,1996/2/3,-,米嶋　恵介（岡　山・119期）、山崎　航（山　口・119期）、犬伏　湧也（徳　島・119期）、吉田　悟（熊　本・119期）,友定　祐己（岡　山・82期）、近藤　修康（岡　山・67期）、近藤　範昌（岡　山・82期）、在本　直樹（岡　山・93期）、田中　勇二（岡　山・95期）、高井　流星（岡　山・113期）、田上　晃也（岡　山・115期）、小川　巧（岡　山・57期）,近藤グループ,友定　祐己（岡　山・82期）,-,400m,1,-,-
大森　慶一,13900,88期,北日本,函館,北海道,追,1981/10/15,大森 芳明(父41期・引退)外崎 一成(従弟94期)外崎 浩之(伯父47期・引退),石橋慎太郎（静　岡・88期）、山崎　芳仁（福　島・88期）,竹内　優也（北海道・89期）、菊地　圭尚（北海道・89期）、明田　春喜（北海道・89期）、大森　光明（北海道・117期）、森田　康嗣（北海道・89期）,-,大森　芳明（北海道・41期）,大森　光明（北海道・117期）、渋谷　海（香　川・113期）、中石　湊（北海道・125期）,400m,9,ラーメン・焼肉,ネギ系
大屋　健司,13886,87期,中国,広島,広島県,追,1981/9/4,吉本 哲郎(従兄弟84期),-,-,-,田村　光昭（広　島・67期）,藏本　徹二（広　島・111期）、藤井　將（広　島・113期）,-,8,甘いもの、お酒,きのこ類、ナス、セロリ
大矢　崇弘,15043,107期,関東,西武園,東京都,追,1991/5/12,-,-,-,西武園クラブ,飯田　義広（東　京・44期）,-,333m,3,フライドポテト,トマト
大矢　将大,13407,81期,関東,西武園,埼玉県,追,1979/1/17,大矢勝也(従兄57期･引退)大矢勇一(従兄65期･引退)大矢憲三(父33期･引退),-,宿口　陽一（埼　玉・91期）、宿口　潤平（埼　玉・91期）、武藤　龍生（埼　玉・98期）、平原　康多（埼　玉・87期）、平原　啓多（埼　玉・97期）,西武園に来る皆様,大矢　憲三（新　潟・33期）,-,250m,１・２,鹿､猪､牛肉､魚料理､妻の手作り米粉ピッツァ,無し
岡崎　智哉,14545,96期,近畿,-,大阪府,両,1985/6/7,-,-,古性　優作（大　阪・100期）,-,中武　克雄（大　阪・57期）,常次　勇人（大　阪・121期）,-,2,カツ丼・ケーキ,ブロッコリー
岡田　征陽,13685,85期,関東,京王閣,東京都,追,1980/4/6,-,-,-,-,富山　健一（東　京・43期）,-,-,１・７,寿司・焼肉,ゆず
岡田　泰地,14806,100期,関東,宇都宮,栃木県,追,1992/1/28,-,福田　拓也（栃　木・100期）,神山　拓弥（栃　木・91期）、長島　大介（栃　木・96期）、磯田　旭（栃　木・96期）、福田　拓也（栃　木・100期）、坂本将太郎（栃　木・101期）、金子　幸央（栃　木・101期）,-,神山　拓弥（栃　木・91期）,-,-,5,ラーメン、焼き肉,にんじん
岡田　亮太,15430,117期,関東,立川,東京都,逃,2000/10/4,-,鈴木　玄人（東　京・117期）,鈴木　玄人（東　京・117期）、長谷川飛向（東　京・121期）,新津久井湖ｸﾞﾙｰﾌﾟ､ｻﾏｰﾗﾝﾄﾞｸﾞﾙｰﾌﾟ,川上　真吾（東　京・98期）,-,400m,3,焼肉、寿司,メロン
岡村　潤,13772,86期,南関東,静岡,静岡県,追,1981/11/12,-,岩津　裕介（岡　山・87期）,伊藤　拓人（静　岡・94期）、柴田　竜史（静　岡・96期）、黒田　直記（静　岡・72期）、齋藤　光洋（静　岡・80期）、遠藤　勝弥（静　岡・109期）、青島　宗仁（静　岡・51期）,青島道場,杉浦　大志（静　岡・32期）,近藤　武寿（静　岡・119期）、松本　京太（静　岡・123期）,-,3,刺身・焼肉・寿司・ｱｻﾘの酒蒸･ｽｲｶ･貝類,セロリ
岡本　総,14996,105期,中部,豊橋,愛知県,追,1987/7/27,-,-,-,豊橋競輪場グループ,小林　信晴（愛　知・83期）,-,-,1,チャーハン,なし
岡本　大嗣,13967,88期,関東,京王閣,東京都,追,1980/4/17,-,-,-,京王閣競輪場グループ,梶應　弘樹（愛　媛・57期）,-,-,-,-,-
小笠原　光,15416,117期,北日本,-,岩手県,両,1996/4/12,-,松岡　辰泰（熊　本・117期）、坂本　紘規（青　森・117期）、松本秀之介（熊　本・117期）、伊藤　旭（熊　本・117期）、久田　裕也（徳　島・117期）、小浦　凪（岐　阜・117期）、青柳　靖起（佐　賀・117期）、藤野　竜也（栃　木・117期）、仁藤　秀（静　岡・117期）,佐藤　博紀（岩　手・96期）、藤根　俊貴（岩　手・113期）、後藤　悠（岩　手・115期）、照井　拓成（岩　手・115期）、高木　翔（岩　手・105期）、佐藤　佑一（岩　手・92期）、松岡　辰泰（熊　本・117期）,-,-,-,400m,１・２・３・９,うどん、肉、焼うどん,ありません
尾形　鉄馬,15036,107期,北日本,-,宮城県,追,1990/1/10,尾形 優(父46期・引退),-,三浦　綾（宮　城・105期）,-,尾形　優（宮　城・46期）,-,-,-,ゼリー、りんご,-
緒方　将樹,15476,117期,九州,熊本,熊本県,逃,1998/12/7,-,小浦　凪（岐　阜・117期）、久田　裕也（徳　島・117期）,松岡　辰泰（熊　本・117期）、伊藤　旭（熊　本・117期）、松本秀之介（熊　本・117期）、西島　叶子（熊　本・118期）,-,緒方　浩一（熊　本・30期）,-,500m,１・３・７,お寿司、スイカ,-
尾方　祐仁,15716,123期,中部,大垣,岐阜県,逃,2004/1/1,-,依田　翔大（山　梨・123期）、松崎　広太（茨　城・123期）、梶原　海斗（福　岡・123期）、半田　誠（熊　本・123期）、保田　浩輔（岡　山・123期）,児玉　利文（岐　阜・76期）,-,児玉　利文（岐　阜・76期）,-,400m,3,やきとり,セロリ
小川　三士郎,15837,125期,四国,小松島,徳島県,逃,2000/6/4,小川 圭二(68期）小川丈太(111期)小川将二郎(121期),中野光太郎（徳　島・121期）、久田　裕也（徳　島・117期）、室井蓮太朗（徳　島・121期）、小山　峻汰（熊　本・125期）、佐々木亮太（青　森・125期）,小川　圭二（徳　島・68期）、小川　丈太（徳　島・111期）、小川将二郎（徳　島・121期）,-,小川　圭二（徳　島・68期）,-,-,１・３,カレー,ブロッコリー
小川　将二郎,15643,121期,四国,小松島,徳島県,逃,2002/7/20,小川 圭二(68期)小川 丈太(111期)小川三士郎(125期),真鍋　智寛（愛　媛・121期）、中山遼太郎（熊　本・121期）、日高　裕太（静　岡・121期）,小川　圭二（徳　島・68期）、小川　丈太（徳　島・111期）、小川三士郎（徳　島・125期）,-,小川　圭二（徳　島・68期）,-,-,２・３・７,お好み焼き、もち,-
小川　真太郎,15063,107期,四国,小松島,徳島県,両,1992/6/30,-,原田研太朗（徳　島・98期）,-,-,久米　康平（徳　島・100期）,-,-,1,たい焼き、からあげ,パクチー
小川　丈太,15196,111期,四国,小松島,徳島県,逃,1995/5/27,小川圭二(父68期）小川将二郎(弟121期）小川三士郎(弟125期),湊　聖二（徳　島・86期）,-,-,小川　圭二（徳　島・68期）,-,400m,-,-,ワカメ（ミナト海藻）
小川　勇介,14112,90期,九州,小倉,福岡県,追,1984/10/14,-,-,-,不動會,吉岡　稔真（福　岡・65期）,-,-,-,-,-
荻原　尚人,13990,89期,北日本,-,宮城県,追,1983/10/19,-,-,櫻井　正孝（宮　城・100期）、阿部　拓真（宮　城・107期）、阿部架惟都（宮　城・115期）、菅野　航基（宮　城・119期）、上遠野拓馬（宮　城・119期）、木村　佑来（宮　城・119期）、菊地　圭（宮　城・123期）、斉藤　樂（宮　城・123期）,-,佐藤　雅彦（宮　城・87期）,櫻井　正孝（宮　城・100期）、阿部　拓真（宮　城・107期）、上遠野拓馬（宮　城・119期）、菊地　圭（宮　城・123期）、斉藤　樂（宮　城・123期）,-,2,-,-
小倉　竜二,13140,77期,四国,小松島,徳島県,追,1976/4/3,-,-,-,-,-,阿竹　智史（徳　島・90期）、西山　圭二（徳　島・100期）、犬伏　湧也（徳　島・119期）,-,-,-,-
桶谷　明誉,14410,94期,中国,広島,広島県,追,1988/10/11,桶谷 義文(父50期・引退),-,-,-,桶谷　義文（広　島・50期）,-,400m,１・２・３,-,-
長田　祐弥,13853,87期,南関東,平塚,神奈川県,追,1982/1/3,-,-,-,-,丸山　力（神奈川・66期）,-,-,2,寿司・焼き肉,-
長田　龍拳,15440,117期,南関東,静岡,静岡県,逃,2000/12/9,-,貴志　修己（和歌山・117期）、松本秀之介（熊　本・117期）,渡邉　晴智（静　岡・73期）、渡邉　直弥（静　岡・113期）、渡邉　雅也（静　岡・117期）、仁藤　秀（静　岡・117期）、阿部　俊（静　岡・125期）、望月　湧世（静　岡・123期）、飯田　憲司（静　岡・96期）,富士川河川敷,渡邉　晴智（静　岡・73期）,-,400m,1,肉、麻婆豆腐,フレンチトースト
尾崎　剛,13242,79期,関東,大宮,埼玉県,追,1977/2/8,-,柴田功一郎（神奈川・79期）、佐藤　真一（東　京・79期）、山崎　充央（東　京・79期）,峠　祐介（埼　玉・78期）、伊藤慶太郎（埼　玉・107期）、安部　達也（埼　玉・83期）、台　和紀（埼　玉・83期）、山崎　充央（東　京・79期）、市倉　孝良（東　京・77期）、中村　淳（栃　木・69期）,-,太田　耕二（埼　玉・59期）,-,-,4,甘い物,うめぼし
小沼　良,12421,68期,関東,大宮,埼玉県,追,1971/6/1,-,-,-,八丁湖グループ,永倉　通夫（埼　玉・46期）,野中　祐志（埼　玉・98期）、一戸　康宏（埼　玉・101期）、楠野　史尭（埼　玉・105期）、荒木　貴大（埼　玉・115期）,-,-,-,-
小野　大介,14134,91期,北日本,いわき平,福島県,追,1984/4/28,-,永澤　剛（青　森・91期）、木田　有隆（福　島・92期）、林　巨人（愛　知・91期）、矢野　昌彦（栃　木・91期）、山口　智弘（愛　知・99期）、坂口　晃輔（三　重・95期）、小川　大地（愛　知・98期）、佐藤　真一（東　京・79期）、岡本　大嗣（東　京・88期）,山崎　芳仁（福　島・88期）、飯野　祐太（福　島・90期）、鈴木謙太郎（茨　城・90期）、房州　輝也（福　島・91期）、金成　和幸（福　島・88期）、林　巨人（愛　知・91期）、矢野　昌彦（栃　木・91期）、佐伯　翔（福　島・97期）、山口　智弘（愛　知・99期）、泉　文人（福　島・99期）,-,小川　信明（福　島・43期）,永澤　剛（青　森・91期）,-,1,肉、魚,-
小畑　勝広,15336,115期,関東,取手,茨城県,逃,1999/5/14,-,寺沼　拓摩（東　京・115期）、立部　楓真（佐　賀・115期）、朝倉　智仁（茨　城・115期）、土田　栄二（茨　城・115期）,須賀　和彦（茨　城・89期）、松崎　広太（茨　城・123期）,-,須賀　和彦（茨　城・89期）,-,400m,２・３・４,よもぎ大福、シュークリーム,辛いもの
小原　丈一郎,15323,115期,北日本,-,青森県,両,1998/10/8,小原 則夫（57期）,星野　洋輝（福　島・115期）、中島　詩音（山　梨・119期）、宮下　一歩（長　野・115期）、三浦　貴大（岐　阜・115期）,-,-,小原　則夫（青　森・57期）,-,400m,-,オムライス、お好み焼き,しいたけ
小原　太樹,14462,95期,南関東,川崎,神奈川県,追,1988/8/6,-,-,-,川崎競輪場グループ,黒田　賢治（神奈川・55期）,青野　将大（神奈川・117期）、新村　穣（神奈川・119期）、池邉　聖（神奈川・123期）、塩島嵩一朗（神奈川・125期）,400m,6,野菜・肉,ネバネバ系全部
小原　佑太,15324,115期,北日本,-,青森県,逃,1996/2/29,-,-,-,-,佐藤　康紀（青　森・73期）,-,333m,2,焼肉,パクチー
恩田　淳平,14809,100期,関東,前橋,群馬県,追,1990/5/18,恩田 康司(父40期・引退),-,木暮　安由（群　馬・92期）、横田　政直（群　馬・103期）,-,澁谷　明（群　馬・72期）,-,-,１・２・９,焼き肉、寿司,-
甲斐　俊祐,15656,121期,九州,別府,大分県,逃,1998/6/19,-,-,小野　俊之（大　分・77期）,-,小野　俊之（大　分・77期）,-,400m,6,焼肉、寿司、キムチ,きのこ類
開坂　秀明,13230,79期,北日本,青森,青森県,追,1975/4/5,-,-,-,-,星　良信（青　森・28期）,-,-,2,焼魚・納豆,チーズ・牛乳
加賀山　淳,14378,94期,南関東,松戸,千葉県,逃,1984/1/26,-,阿部　大樹（埼　玉・94期）、愛敬　博之（愛　知・94期）、森　佑樹（岡　山・94期）、楢原　由将（福　岡・94期）,-,-,佐藤　晃三（千　葉・61期）,-,-,2,チゲ・辛い料理,レバー・パクチー
香川　雄介,13059,76期,四国,高松,香川県,追,1974/6/22,-,-,組橋　一高（香　川・71期）、渋谷　海（香　川・113期）、川田　ひな（香　川・114期）、眞砂　英作（香　川・121期）,-,松岡　伸定（香　川・64期）,眞砂　英作（香　川・121期）,-,-,シュークリーム、クリームパン,-
柿澤　大貴,14588,97期,関東,-,長野県,追,1989/8/2,-,-,-,長野選手会,飯塚　朗（長　野・85期）,堀江　省吾（長　野・119期）,-,１・２,焼肉、ラーメン,-
柿沼　信也,14147,91期,関東,大宮,埼玉県,追,1984/7/28,-,-,-,-,今井　大（埼　玉・68期）,-,-,-,焼肉,なす
柿本　大貴,15251,113期,関東,立川,東京都,逃,1995/10/26,-,-,川上　真吾（東　京・98期）、大山　誉史（東　京・99期）、平川　雅晃（長　野・107期）,新津久井湖グループ,川上　真吾（東　京・98期）,-,400m,9,焼肉,-
格清　洋介,15173,111期,南関東,伊東,静岡県,逃,1994/7/22,-,中野　雄喜（京　都・111期）、蕗澤鴻太郎（群　馬・111期）、高橋　大輝（秋　田・111期）、島村　匠（福　岡・111期）、鮫島　康治（大　阪・111期）、菊池竣太朗（静　岡・111期）、望月　一成（静　岡・111期）、桜井　大地（静　岡・111期）,梶原　亜湖（静　岡・73期）、大石　剣士（静　岡・109期）,-,梶原　亜湖（静　岡・73期）,-,333m,１・２・３・７・９,肉・麺類,野菜
加倉　正義,12478,68期,九州,久留米,福岡県,追,1971/5/22,-,増成　富夫（岡　山・66期）、山口　幸二（岐　阜・62期）,古閑　良介（福　岡・73期）、阿部　兼士（福　岡・93期）、高倉　俊宏（福　岡・93期）,-,下坂　茂（福　岡・52期）,渡邊　大善（福　岡・83期）、坂本　亮馬（福　岡・90期）、阿部　兼士（福　岡・93期）、高倉　俊宏（福　岡・93期）、楢原　由将（福　岡・94期）,-,9,-,-
掛水　泰範,14685,98期,四国,高知,高知県,追,1983/10/29,-,阿部　功（高　知・93期）,野本　順三（高　知・58期）、水木　裕聡（高　知・96期）、阿部　功（高　知・93期）,-,野本　順三（高　知・58期）,-,-,１・３・７,カレー・焼き肉,-
笠松　将太,14811,100期,関東,西武園,埼玉県,逃,1992/3/28,-,須藤　直道（群　馬・68期）,-,-,新井　憲（埼　玉・59期）,-,-,1,ごはん,トマト
笠松　信幸,13637,84期,中部,-,愛知県,追,1979/6/29,-,-,高野　輝彰（愛　知・83期）、疋田　敏（愛　知・59期）、竹内　久長（愛　知・46期）、小川　大地（愛　知・98期）、臼井　昌巨（愛　知・89期）、今村　清二（愛　知・85期）,-,黒須　修典（愛　知・期前）,-,-,2,焼肉,-
柏野　智典,13963,88期,中国,玉野,岡山県,追,1978/7/3,-,-,山田　久徳（京　都・93期）、大川　龍二（広　島・91期）,-,本田　晴美（岡　山・51期）,片山　智晴（岡　山・92期）、藤原　亮太（岡　山・97期）、川本　琢也（岡　山・100期）、多田　晃紀（岡　山・103期）、奥村　諭志（岡　山・111期）、野上　竜太（岡　山・115期）、晝田宗一郎（岡　山・115期）,-,1,妻の手料理,納豆
樫山　恭柄,14263,92期,九州,小倉,福岡県,追,1986/4/2,-,西村　将己（福　岡・78期）,八谷　誠賢（福　岡・77期）、内山　拓（福　岡・88期）,山田グループ,西山　良兼（福　岡・44期）,-,-,1,ワタリガニ、上質なタンパク質,グリンピース
梶原　海斗,15738,123期,九州,久留米,福岡県,逃,1999/8/6,梶原大地(兄・119期),山根　慶太（岡　山・123期）、青木　瑞樹（岡　山・123期）、保田　浩輔（岡　山・123期）、稲毛　知也（和歌山・123期）、尾方　祐仁（岐　阜・123期）、半田　誠（熊　本・123期）,西田　大志（福　岡・98期）、梶原　大地（福　岡・119期）、竹元　健竜（福　岡・115期）、後藤　大輝（福　岡・121期）、坂本健太郎（福　岡・86期）、田中　誠（福　岡・89期）,-,西田　大志（福　岡・98期）,-,400m,2,にんにくやのラーメン,-
片岡　迪之,14322,93期,中国,玉野,岡山県,両,1986/10/27,片岡 克巳(父42期・引退),-,岩津　裕介（岡　山・87期）、岩本　純（岡　山・94期）、戸伏　康夫（岡　山・96期）,-,片山　隆治（岡　山・66期）,-,-,-,-,プチトマト
片折　亮太,14228,92期,関東,大宮,埼玉県,両,1987/7/15,片折 雷太(父45期・引退)片折 勇輝(兄95期),-,-,森林公園グループ,片折　雷太（埼　玉・45期）,土屋　壮登（埼　玉・101期）,-,-,ラーメン,-
片山　智晴,14258,92期,中国,玉野,岡山県,追,1984/1/26,-,川上　和正（福　島・92期）、山口　貴弘（佐　賀・92期）、木暮　安由（群　馬・92期）、伊藤　信（大　阪・92期）,柏野　智典（岡　山・88期）、日浅　保幸（岡　山・84期）、戸田　洋平（岡　山・92期）、岡崎　克政（岡　山・92期）、橋本　凌汰（岡　山・119期）、連佛　康浩（岡　山・93期）,-,柏野　智典（岡　山・88期）,橋本　凌汰（岡　山・119期）、合地　登汰（岡　山・121期）、昼田　達哉（岡　山・121期）、矢部　駿人（岡　山・121期）、細中　翔太（岡　山・125期）,-,3,鳥料理,きゅうり
加藤　将武,15605,121期,関東,大宮,埼玉県,逃,2001/7/30,-,山口　多聞（埼　玉・121期）、永井　哉多（東　京・121期）、南儀　拓海（富　山・121期）、真鍋　智寛（愛　媛・121期）、富　武大（山　口・121期）、末廣　快理（兵　庫・121期）,岸澤　賢太（埼　玉・91期）,-,岸澤　賢太（埼　玉・91期）,-,400m,1,肉料理,メロン、ネギ
上遠野　拓馬,15507,119期,北日本,-,宮城県,逃,1993/7/30,-,松本　貴治（愛　媛・111期）、中野　雄喜（京　都・111期）、田村　大（宮　崎・119期）、梶原　大地（福　岡・119期）,荻原　尚人（宮　城・89期）、櫻井　正孝（宮　城・100期）、阿部　拓真（宮　城・107期）、菅野　航基（宮　城・119期）、木村　佑来（宮　城・119期）,-,荻原　尚人（宮　城・89期）,-,400m,1,肉、果物、ラーメン,ゲテモノ料理
角　宗哉,15832,125期,中国,防府,山口県,逃,2000/6/3,-,小堀　敢太（北海道・125期）、三木　健正（岡　山・125期）、中島　淳（埼　玉・125期）,渡口　勝成（山　口・119期）,-,渡口　勝成（山　口・119期）,-,333m,1,みかん,なし
嘉永　泰斗,15298,113期,九州,熊本,熊本県,逃,1998/3/23,-,橋本　瑠偉（栃　木・113期）、樋口　開土（東　京・113期）、ラモスレオ（沖　縄・113期）、佐伯　亮輔（岡　山・113期）、藤井　將（広　島・113期）、安本　昇平（山　口・113期）、河合　佑弥（東　京・113期）、小浦　凪（岐　阜・117期）,倉岡慎太郎（熊　本・59期）、上野　優太（熊　本・113期）、中本　匠栄（熊　本・97期）、大窪　輝之（熊　本・72期）、東矢　昇太（熊　本・98期）、本郷　雄三（熊　本・99期）、寺崎　祐樹（熊　本・97期）、兼本　将太（熊　本・117期）、徳永　哲人（熊　本・100期）,甲佐グループ,倉岡慎太郎（熊　本・59期）,-,400m,１・３,焼肉、寿司,なし
金澤　幸司,14135,91期,北日本,いわき平,福島県,追,1985/9/4,金澤竜二(弟91期)　邊見光輝(従兄弟119期）,-,関根　彰人（沖　縄・94期）、金澤　竜二（福　島・91期）、邊見　斎（福　島・92期）、須永　優太（福　島・94期）、須永　勝太（福　島・98期）,ＮＢＣ,班目　秀雄（福　島・24期）,邊見　光輝（福　島・119期）,500m,9,焼肉,トマト・セロリ
金澤　竜二,14136,91期,北日本,いわき平,福島県,両,1985/9/4,金澤幸司(兄91期)､邊見光輝(従兄弟119期),-,金澤　幸司（福　島・91期）、邊見　斎（福　島・92期）、関根　彰人（沖　縄・94期）、須永　優太（福　島・94期）、須永　勝太（福　島・98期）、邊見　光輝（福　島・119期）,ＮＢＣ,添田　広福（福　島・49期）,-,-,9,ラーメン二郎,豆腐
金山　栄治,12759,72期,近畿,-,滋賀県,追,1973/12/27,-,小針　豊（福　島・72期）、田川　辰二（熊　本・72期）,-,-,七竹　茂（広　島・33期）,-,-,-,-,-
金成　和幸,13912,88期,北日本,いわき平,福島県,追,1979/3/22,-,程塚　毅志（福　島・76期）、鈴木　友仁（福　島・85期）、小倉　竜二（徳　島・77期）,程塚　毅志（福　島・76期）、佐藤　悦夫（栃　木・86期）、鈴木　友仁（福　島・85期）、山崎　芳仁（福　島・88期）、泉　文人（福　島・99期）、伊藤　奎（福　島・115期）、五十嵐　綾（福　島・121期）,-,渡邊　正範（福　島・33期）,伊藤　奎（福　島・115期）、五十嵐　綾（福　島・121期）,-,1,焼肉・寿司,なし
金子　真也,12501,69期,関東,前橋,群馬県,追,1972/7/4,-,-,須藤　直道（群　馬・68期）、櫻井　紀幸（群　馬・68期）、櫻井　学（群　馬・84期）、高橋　由記（群　馬・88期）,-,稲村　雅士（群　馬・16期）,-,-,3,-,-
金子　哲大,14450,95期,関東,大宮,埼玉県,両,1988/10/22,-,-,-,スタミナ道場あいかわ,飯田　威文（埼　玉・67期）,-,-,7,焼肉,野菜
金子　幸央,14861,101期,関東,宇都宮,栃木県,両,1993/1/25,-,-,隅田　洋介（岡　山・107期）、神山　尚（栃　木・109期）、眞杉　匠（栃　木・113期）、秋本耀太郎（栃　木・117期）、小池　千啓（栃　木・119期）、中村　隆生（栃　木・117期）、関　貴之（茨　城・93期）,西方グループ,日里　寿行（栃　木・46期）,-,-,1,ステーキ、ホタルイカ,なし
兼本　将太,15477,117期,九州,熊本,熊本県,逃,1996/11/24,-,鈴木　玄人（東　京・117期）、松本　一志（宮　崎・117期）、上川　直紀（栃　木・117期）、石原　颯（香　川・117期）、道場　晃規（静　岡・117期）、長谷部龍一（岐　阜・117期）、櫻井祐太郎（宮　城・117期）,倉岡慎太郎（熊　本・59期）、大窪　輝之（熊　本・72期）、中本　匠栄（熊　本・97期）、上野　優太（熊　本・113期）、嘉永　泰斗（熊　本・113期）,甲佐グループ,倉岡慎太郎（熊　本・59期）,-,500m,1,ラーメン,トマト、キュウリ
神尾　敬冬,15709,123期,南関東,-,静岡県,逃,1999/11/13,-,児玉虎之介（岐　阜・123期）,-,-,齋藤　友幸（静　岡・90期）,-,400m,１・２・３,ゼリー、シュークリーム,貝類
上吹越　直樹,13824,86期,九州,-,鹿児島県,両,1981/11/18,上吹越 俊一(兄99期)堀内 福成(従兄80期・引退),吉川　裕二（大　分・86期）,内村　豪（鹿児島・67期）、大竹野裕樹（鹿児島・88期）、近藤　悠人（鹿児島・93期）、川又　裕樹（鹿児島・97期）、上吹越俊一（鹿児島・99期）,黒虎グループ,内村　豪（鹿児島・67期）,-,-,4,寿司,ナス
神山　拓弥,14140,91期,関東,宇都宮,栃木県,追,1987/1/24,-,-,古川　尚耶（栃　木・92期）、齋藤　昌太（栃　木・93期）,-,神山雄一郎（栃　木・61期）,岡田　泰地（栃　木・100期）,-,9,寿司,とんかつ
河合　佑弥,15252,113期,関東,京王閣,東京都,逃,1994/9/7,-,嘉永　泰斗（熊　本・113期）、藤井　將（広　島・113期）、磯川　勝裕（東　京・113期）、小林　泰正（群　馬・113期）,内田　玄希（東　京・94期）、梅川　風子（東　京・112期）、川越　宏臣（東　京・125期）,京桜会,内田　玄希（東　京・94期）,-,400m,2,焼肉,なし
川上　隆義,15793,125期,関東,宇都宮,栃木県,逃,2000/9/26,-,貝原　涼太（栃　木・125期）、藤野　竜也（栃　木・117期）,貝原　涼太（栃　木・125期）,-,古川　尚耶（栃　木・92期）,-,400m,1,おすし,トマト
川口　公太朗,14700,98期,中部,岐阜,岐阜県,追,1990/2/1,川口 聖二(弟103期),松田　大（富　山・98期）、山口　翼（茨　城・98期）、沢田　勇治（山　口・98期）,-,-,藤原　誠（岐　阜・69期）,野崎　翼（岐　阜・121期）、棚瀬　義大（岐　阜・123期）,-,１・７,肉,にんにく･わさび
川口　聖二,14977,103期,中部,岐阜,岐阜県,両,1993/12/25,川口　公太朗（兄９８期）,-,藤原　誠（岐　阜・69期）,-,藤原　誠（岐　阜・69期）,-,333m,1,108のホルモン,貝
川口　満宏,11477,58期,関東,松戸,東京都,追,1967/3/10,-,-,-,松戸競輪場グループ,-,-,-,-,焼肉・魚,-
川口　雄太,15197,111期,四国,小松島,徳島県,両,1996/10/25,川口 八百一（曽祖父期前・引退）川口 武雄（祖父8期・引退）川口 浩貴（叔父48期・引退）川口 秀人（父57期）,皿屋　豊（三　重・111期）、浜田　翔平（大　阪・111期）、藤原俊太郎（岡　山・111期）、照屋　将貴（沖　縄・111期）、三浦　大輝（宮　城・111期）、山本　隼人（大　阪・111期）、寺沼　将彦（東　京・111期）、山口　龍也（長　崎・111期）,島川　将貴（徳　島・109期）、太田　竜馬（徳　島・109期）、田村　裕也（徳　島・113期）,-,川口　秀人（徳　島・57期）,豊田　美香（徳　島・126期）,400m,１・２・３,麻婆豆腐,なし
川越　勇星,15170,111期,南関東,平塚,神奈川県,両,1997/1/19,川越 義朗（父61期・引退）,山本　隼人（大　阪・111期）、菊池竣太朗（静　岡・111期）,吉田輪太郎（神奈川・88期）、菅原　大也（神奈川・107期）,-,川越　義朗（神奈川・61期）,-,400m,1,寿司・焼肉,人参・ゴーヤ・セロリ
河崎　正晴,15660,121期,九州,熊本,熊本県,逃,2000/12/15,河崎公博(65期・引退),長松　大祐（大　分・121期）、中釜　健次（大　阪・121期）、照井　力斗（岩　手・121期）,米丸　俊成（熊　本・72期）,米丸道場,松尾　正人（熊　本・66期）,-,400m,2,モンブラン,梅干し
川津　悠揮,14497,96期,北日本,函館,北海道,追,1988/6/18,-,-,-,-,中村　吉幸（北海道・47期）,-,-,１・３,寿司,-
河端　朋之,14484,95期,中国,玉野,岡山県,逃,1985/2/7,-,-,安田　兼吉（岡　山・44期）、竹本　茂（岡　山・81期）、櫻井　太士（岡　山・94期）,安田グループ,竹本　茂（岡　山・81期）,佐伯　亮輔（岡　山・113期）,-,1,パイナップル・カレー,-
川村　晃司,13726,85期,近畿,向日町,京都府,両,1976/6/17,-,小林　則之（静　岡・85期）、榎本　光男（静　岡・85期）、丸山　勝也（静　岡・85期）,-,京都地区,桝井　道弘（京　都・28期）,山路　藍（京　都・106期）,-,2,焼肉・ラーメン,レバー
河村　雅章,14231,92期,関東,立川,東京都,追,1983/4/21,-,-,馬場　和広（埼　玉・98期）、佐藤　真一（東　京・79期）、長谷川飛向（東　京・121期）,-,富山　健一（東　京・43期）,-,-,3,-,-
神田　紘輔,14837,100期,近畿,奈良,大阪府,追,1986/5/23,-,-,-,阪奈グループ,前田　新（大　阪・68期）,土生　敦弘（大　阪・117期）,-,-,寿司,-
神田　龍,15002,105期,中部,松阪,三重県,逃,1989/7/26,-,野口　大誠（熊　本・105期）、下岡　優季（愛　知・105期）、會澤　龍（宮　城・105期）,-,萩原グループ,萩原　操（三　重・51期）,-,-,1,-,-
菅野　航基,15508,119期,北日本,-,宮城県,逃,2001/4/4,-,大高　彰馬（福　島・119期）、田口　勇介（秋　田・119期）、林　昌幸（愛　媛・119期）、上野　雅彦（香　川・119期）、邊見　光輝（福　島・119期）,櫻井　正孝（宮　城・100期）、荻原　尚人（宮　城・89期）、阿部　拓真（宮　城・107期）、阿部架惟都（宮　城・115期）、木村　佑来（宮　城・119期）、上遠野拓馬（宮　城・119期）,-,櫻井　正孝（宮　城・100期）,-,333m,1,寿司、焼肉,辛いもの
菊谷　信一,14098,90期,近畿,-,大阪府,追,1985/3/28,菊谷 修一(父38期・引退)伊藤 等志(伯父38期・引退)伊藤 世哉(従兄87期・三重),-,稲川　翔（大　阪・90期）、南　修二（大　阪・88期）、伊藤　成紀（大　阪・90期）、松村　友和（大　阪・88期）,ＫＣＳＣグループ,菊谷　修一（大　阪・38期）,-,-,1,プリン,おから
菊地　圭尚,13978,89期,北日本,函館,北海道,追,1980/4/2,-,明田　春喜（北海道・89期）,荒澤　貴史（北海道・85期）、中野　良（北海道・83期）、山田　敦也（北海道・88期）,-,大橋　秀人（北海道・44期）,-,-,1,ハンバーグ・カニ,なし
菊池　岳仁,15412,117期,関東,-,長野県,逃,2000/6/7,-,-,-,長野選手会,等々力久就（長　野・98期）,-,-,-,生姜焼き,特になし
貴志　修己,15458,117期,近畿,和歌山,和歌山県,逃,1996/1/18,-,坂本　紘規（青　森・117期）、倉田　紘希（三　重・117期）、渡邉　雅也（静　岡・117期）、長田　龍拳（静　岡・117期）,-,-,中野　彰人（和歌山・93期）,-,400m,1,肉、魚,特になし
岸澤　賢太,14148,91期,関東,大宮,埼玉県,両,1986/12/2,岸澤 拓也(弟100期・引退),-,鈴木　孝征（埼　玉・75期）、太田　真一（埼　玉・75期）、吉田　勇人（埼　玉・86期）、吉田　裕全（埼　玉・90期）,太田グループ,太田　耕二（埼　玉・59期）,岸澤　拓也（埼　玉・100期）、新井　美菜（埼　玉・116期）、加藤　将武（埼　玉・121期）,-,5,焼肉,きのこ
岸田　剛,15629,121期,近畿,福井,福井県,逃,1999/2/11,-,安彦　統賀（埼　玉・121期）、末廣　快理（兵　庫・121期）、真鍋　智寛（愛　媛・121期）、梅崎　隆介（長　崎・121期）、長松　大祐（大　分・121期）、東矢　圭吾（熊　本・121期）,高田　修汰（福　井・115期）、小松原正登（福　井・117期）、上杉　嘉槻（福　井・119期）、脇本　勇希（福　井・115期）,-,脇本　雄太（福　井・94期）,-,400m,2,タルト,昆布煮
北津留　翼,14113,90期,九州,小倉,福岡県,逃,1985/4/26,北津留千羽（128期）,-,-,-,-,北津留千羽（福　岡・128期）,-,1,ビッグマック,皿うどん
北野　武史,13199,78期,中部,-,石川県,追,1972/7/1,表 大暁(弟82期),-,-,-,-,-,500m,２・７,痛風になりそうな物,生臭い物
北村　信明,14327,93期,四国,小松島,徳島県,追,1985/12/12,-,-,-,-,青井　賢治（徳　島・81期）,-,-,-,-,-
城戸　俊潔,15370,115期,中国,玉野,岡山県,逃,1998/4/18,藤岡 隆治（98期）,池川　瑠威（広　島・115期）、佐々木悠葵（群　馬・115期）,石丸　寛之（岡　山・76期）、筒井　敦史（岡　山・85期）、守安　政雄（岡　山・94期）、高橋清太郎（岡　山・97期）、山崎　駿哉（岡　山・113期）,-,石丸　寛之（岡　山・76期）,-,-,2,焼肉,-
木村　幸希,15118,109期,中国,広島,広島県,両,1992/4/20,-,-,吉本　哲郎（広　島・84期）,-,吉本　哲郎（広　島・84期）,堀井　美咲（広　島・120期）,-,3,和食,ナットウ
木村　隆弘,14190,91期,四国,小松島,徳島県,追,1986/3/7,-,-,-,徳島支部,湊　聖二（徳　島・86期）,二條　祐也（徳　島・97期）,-,1,焼肉,刺身
木村　弘,14791,100期,北日本,-,青森県,逃,1992/3/16,木村 元信(兄81期),-,木村　元信（青　森・81期）,八戸自転車競技場グループ,木村　元信（青　森・81期）,-,-,-,焼き肉、めかぶ、嫁のつくるご飯,-
木村　皆斗,15516,119期,関東,取手,茨城県,逃,2001/8/22,-,橋本　凌汰（岡　山・119期）、北川　大成（熊　本・119期）,横山　尚則（茨　城・100期）、朝倉　智仁（茨　城・115期）、橋本　壮史（茨　城・119期）,-,横山　尚則（茨　城・100期）,-,400m,3,フルーツ,マヨネーズ
木村　佑来,15509,119期,北日本,-,宮城県,逃,2001/11/10,-,菅野　航基（宮　城・119期）、上遠野拓馬（宮　城・119期）,阿部　拓真（宮　城・107期）、阿部架惟都（宮　城・115期）、櫻井　正孝（宮　城・100期）、荻原　尚人（宮　城・89期）,-,阿部　拓真（宮　城・107期）,-,400m,2,梨,梅干し
久島　尚樹,14854,100期,九州,-,宮崎県,両,1991/5/17,-,渡辺　大剛（京　都・100期）、大洞　翔平（岐　阜・100期）,四元　慎也（宮　崎・77期）、那須　萌美（宮　崎・114期）、田村　大（宮　崎・119期）、松本　一志（宮　崎・117期）、福田　要（宮　崎・121期）、石川　航大（宮　崎・123期）、枝村　弘樹（宮　崎・123期）,-,四元　慎也（宮　崎・77期）,石川　航大（宮　崎・123期）、枝村　弘樹（宮　崎・123期）,333m,２・９,焼き肉、担々麺、チキン南蛮,はちみつ、黒砂糖
久木原　洋,14580,97期,関東,西武園,埼玉県,両,1984/8/3,-,平原　啓多（埼　玉・97期）,-,森林公園グループ,戸張　俊行（埼　玉・45期）,-,-,-,肉,-
窪木　一茂,15514,119期,北日本,いわき平,福島県,両,1989/6/6,-,-,-,-,須永　優太（福　島・94期）,-,400m,1,和菓子,お漬物
久保田　泰弘,15195,111期,中国,防府,山口県,追,1995/4/6,久保田 悟（父64期・引退）久保田 勝利（叔父70期・引退）,出澤　拓也（神奈川・111期）、小林裕一朗（千　葉・111期）,山下　一輝（山　口・96期）、清水　裕友（山　口・105期）、宮本　隼輔（熊　本・113期）、安本　昇平（山　口・113期）、曽我　圭佑（熊　本・113期）,-,山下　一輝（山　口・96期）,-,333m,8,焼肉,レバー
熊崎　麻人,15697,123期,関東,大宮,埼玉県,逃,1999/11/18,-,小笠原一真（青　森・123期）、荒川　達郎（埼　玉・123期）、佐藤譲士郎（埼　玉・123期）、助川翔太郎（埼　玉・123期）、吉田　晏生（埼　玉・123期）、鳥海　創（千　葉・123期）、内山　慧大（福　井・123期）、稲毛　知也（和歌山・123期）、村上　翔馬（兵　庫・123期）、龍野琳太郎（岡　山・123期）,山信田　学（埼　玉・83期）、森田　優弥（埼　玉・113期）、藤田　周磨（埼　玉・117期）、近藤　圭佑（埼　玉・121期）、中山　拓人（埼　玉・121期）、山口　多聞（埼　玉・121期）,見沼グループ,山信田　学（埼　玉・83期）,-,500m,２・３・８,トマト、イカの姿焼き,-
久米　康平,14846,100期,四国,小松島,徳島県,両,1991/9/12,久米 康隆(叔父65期・引退),高久保雄介（京　都・100期）,小川真太郎（徳　島・107期）、久米　良（徳　島・96期）,-,久米　康隆（徳　島・65期）,小川真太郎（徳　島・107期）,-,１・３,スイーツ,餡子
久米　良,14553,96期,四国,小松島,徳島県,追,1987/11/27,-,西村　光太（三　重・96期）,-,-,高田　健一（徳　島・61期）,-,-,１・９,果物,-
栗田　貴徳,14331,93期,四国,松山,愛媛県,追,1983/7/5,-,玉手　翔（兵　庫・91期）,橋本　勝弘（愛　媛・89期）、野村　典嗣（愛　媛・109期）,-,伊藤　豊明（愛　媛・41期）,野村　典嗣（愛　媛・109期）,-,7,焼肉・焼き鳥・寿司,-
栗山　和樹,15815,125期,中部,大垣,岐阜県,逃,1997/6/18,-,南部　翔大（大　阪・125期）、松本　昂大（長　崎・125期）,冨岡　健一（岐　阜・64期）、竹田　和幸（岐　阜・78期）、松岡　篤哉（岐　阜・97期）、竹内　雄作（岐　阜・99期）、長尾　拳太（岐　阜・103期）、松岡晋乃介（岐　阜・109期）,北陽グループ,松岡　篤哉（岐　阜・97期）,-,400m,２・９,すし、すき焼き,トマト、きゅうり
栗山　俊介,14944,103期,近畿,奈良,奈良県,両,1988/6/11,-,-,元砂　勇雪（奈　良・103期）、中井　俊亮（奈　良・103期）、野口　正則（奈　良・105期）、佐山　寛明（奈　良・113期）、土生　敦弘（大　阪・117期）,-,花房　克彦（奈　良・60期）,-,-,-,焼き肉,なし
黒沢　征治,15246,113期,関東,大宮,埼玉県,両,1992/3/12,-,森田　優弥（埼　玉・113期）、野本　怜菜（埼　玉・114期）、小玉　勇一（埼　玉・113期）、尾崎　悠生（埼　玉・113期）、植原　琢也（埼　玉・113期）、田中　和磨（岡　山・113期）、安本　昇平（山　口・113期）、渡邉　直弥（静　岡・113期）、宮本　隼輔（熊　本・113期）,細沼　健治（埼　玉・89期）、森田　優弥（埼　玉・113期）、野本　怜菜（埼　玉・114期）、藤田まりあ（埼　玉・116期）,-,細沼　健治（埼　玉・89期）,-,400m,2,焼肉、パフェ,-
黒瀬　浩太郎,15730,123期,中国,広島,広島県,逃,2000/1/24,-,真鍋　智寛（愛　媛・121期）、岸田　剛（福　井・121期）、成海　大聖（大　分・123期）、山根　慶太（岡　山・123期）、長松　空吾（大　分・123期）、荒川　達郎（埼　玉・123期）、梶原　海斗（福　岡・123期）,吉本　哲郎（広　島・84期）、竹内　翼（広　島・109期）、木村　幸希（広　島・109期）、船瀬　惇平（広　島・111期）、増田　仁（広　島・113期）、町田　太我（広　島・117期）、白井優太朗（広　島・119期）、西田　優大（広　島・123期）、藤高　千恵（広　島・124期）,吉本グループ,吉本　哲郎（広　島・84期）,-,333m,２・３,肉、スイーツ、フルーツ,きゅうり
黒田　淳,14613,97期,中国,玉野,岡山県,追,1985/2/20,-,-,-,霞グループ,増成　富夫（岡　山・66期）,-,-,1,イタリアン,シーフード
桑名　僚也,15520,119期,関東,大宮,埼玉県,追,1997/9/30,-,近藤　翔馬（愛　媛・119期）、田川　翔琉（熊　本・119期）、谷口　力也（熊　本・119期）、中島　詩音（山　梨・119期）、徳田　匠（京　都・119期）、松岡　辰泰（熊　本・117期）、太田　龍希（埼　玉・117期）、石塚慶一郎（和歌山・119期）、安彦　統賀（埼　玉・121期）、戸邉　捺希（埼　玉・117期）,齋藤　和伸（埼　玉・91期）、相川　永伍（埼　玉・95期）、金子　哲大（埼　玉・95期）、相川　巧（埼　玉・98期）、高橋　昇平（埼　玉・99期）、山田　雄大（埼　玉・117期）、飯田　威文（埼　玉・67期）、飯田　風音（埼　玉・120期）,スタミナ道場あいかわ,飯田　威文（埼　玉・67期）,-,400m,5,すし、焼肉,食パン、カレー
桑原　大志,13355,80期,中国,防府,山口県,追,1976/1/27,-,原野　裕（山　口・77期）,-,-,白井圭一郎（山　口・61期）,阿部　龍也（山　口・119期）,-,8,肉寿司,生牡蠣
桑原　亮,14194,91期,九州,久留米,福岡県,追,1984/11/22,-,坂本　亮馬（福　岡・90期）、稲吉　悠大（福　岡・92期）、徳吉　正治（福　岡・89期）,稲吉　悠大（福　岡・92期）,-,古川　圭（福　岡・65期）,後藤　大輝（福　岡・121期）、野津　宏介（福　岡・127期）,-,3,焼き肉,なし
郡司　浩平,14741,99期,南関東,川崎,神奈川県,両,1990/9/4,郡司 盛夫(父・50期・引退),-,石井　毅（神奈川・74期）、山田慎一郎（神奈川・89期）、小島　歩（神奈川・97期）,盛寿会,郡司　盛夫（神奈川・50期）,-,400m,3,寿司、焼き肉,トマト
小池　千啓,15519,119期,関東,宇都宮,栃木県,逃,1998/1/27,-,堀江　省吾（長　野・119期）、谷口　力也（熊　本・119期）,幸田　光博（栃　木・67期）,-,幸田　光博（栃　木・67期）,-,500m,3,ポークピカタ,桃
小岩　大介,14117,90期,九州,別府,大分県,追,1984/4/11,小岩 哲也(弟101期),佐藤　力彦（大　分・90期）、梶原　恵介（大　分・92期）、安部　龍文（大　分・94期）,小岩　哲也（大　分・101期）,-,西野　文生（大　分・48期）,-,-,1,刺身,とうふ
纐纈　洸翔,15620,121期,中部,名古屋,愛知県,両,2002/7/8,-,-,鰐渕　正利（愛　知・65期）、近藤　龍徳（愛　知・101期）,-,鰐渕　正利（愛　知・65期）,-,400m,１・２・３,焼肉,トマト、バナナ
幸田　望夢,15340,115期,関東,宇都宮,栃木県,逃,1999/11/6,幸田 光博選手,北野　佑汰（香　川・115期）、板垣　昴（北海道・115期）、宮崎　大空（熊　本・115期）、照井　拓成（岩　手・115期）,坂井　洋（栃　木・115期）、福田　滉（栃　木・115期）、藤野　竜也（栃　木・117期）、眞杉　匠（栃　木・113期）、橋本　瑠偉（栃　木・113期）、上川　直紀（栃　木・117期）、磯田　旭（栃　木・96期）,-,幸田　光博（栃　木・67期）,-,500m,3,チーズ、ハンバーガー(ビックマック),トマト
河野　通孝,13922,88期,関東,取手,茨城県,追,1983/2/26,-,高橋　由記（群　馬・88期）、土田　仁志（滋　賀・88期）、宮内　善光（群　馬・88期）,中川　昌久（茨　城・94期）、戸田　瑞姫（茨　城・122期）、芦澤　大輔（茨　城・90期）、松田　優一（茨　城・90期）、芦澤　辰弘（茨　城・95期）、小坂　丈（茨　城・121期）,-,十文字貴信（茨　城・75期）,戸田　瑞姫（茨　城・122期）,-,9,-,-
古賀　勝大,15365,115期,近畿,和歌山,和歌山県,両,1991/6/3,-,佐藤　礼文（茨　城・115期）、高橋　晋也（福　島・115期）、遠藤　洋希（茨　城・115期）、吉堂　将規（奈　良・115期）、藤井　稜也（岐　阜・115期）,-,バンク,中野　彰人（和歌山・93期）,-,400m,9,餃子,納豆
小酒　大勇,14929,103期,九州,-,宮崎県,両,1994/2/1,小酒 大司(兄94期),-,-,-,鈴木謙太郎（茨　城・90期）,-,-,-,-,-
小堺　浩二,14177,91期,中部,-,石川県,両,1982/11/5,-,-,坂上　樹大（石　川・80期）,-,坂上　忠克（石　川・71期）,山元　大夢（石　川・123期）,-,4,なっとう･ユッケ,カボチャ
古性　優作,14838,100期,近畿,-,大阪府,両,1991/2/22,-,-,-,-,-,-,-,１・３,焼き肉,-
小島　歩,14592,97期,南関東,小田原,神奈川県,追,1989/8/9,小島 壽昭(父52期),東　龍之介（神奈川・96期）、高橋　佑輔（神奈川・96期）,-,小田原競輪場の方々,小島　壽昭（神奈川・52期）,-,-,-,-,-
小嶋　敬二,12895,74期,中部,-,石川県,両,1969/11/9,-,高木　隆弘（神奈川・64期）、武田　豊樹（茨　城・88期）、山口　富生（岐　阜・68期）,-,-,横長　勇（石　川・42期）,-,-,1,焼肉,きゅうり
小谷　実,14313,93期,近畿,向日町,京都府,追,1987/3/21,-,-,山岸　正教（京　都・81期）、川村　晃司（京　都・85期）,-,山岸　正教（京　都・81期）,-,-,1,ギョーザ,-
児玉　慎一郎,13060,76期,四国,高松,香川県,追,1974/9/22,児玉 祐一郎(父29期・引退),-,福島　栄一（香　川・93期）、福島　武士（香　川・96期）、木村　浩宣（香　川・97期）、大林　亮介（香　川・86期）、大山　泰伸（香　川・68期）、上野　雅彦（香　川・119期）、網谷　竜次（香　川・91期）、遠藤　拓巳（香　川・125期）、田野口佳奈（香　川・126期）,-,新田　恵基（香　川・31期）,福島　栄一（香　川・93期）、福島　武士（香　川・96期）、竹井　史香（香　川・106期）,-,2,寿司、焼肉,-
小玉　拓真,14679,98期,中国,玉野,岡山県,両,1989/10/31,-,西田　雅志（広　島・82期）,井上　辰也（岡　山・86期）,-,井上　辰也（岡　山・86期）,-,-,３・５,やきとり(ネギま),辛い食べ物
児玉　虎之介,15717,123期,中部,大垣,岐阜県,逃,2001/6/5,児玉清(28期)児玉利文(76期),鈴木　康平（静　岡・123期）、神尾　敬冬（静　岡・123期）、石田　拓真（愛　知・119期）,児玉　利文（岐　阜・76期）、山田　隼司（岐　阜・91期）,児玉グループ,山田　隼司（岐　阜・91期）,-,400m,4,焼き肉、ハンバーグ,トマト
小橋　明紀,12785,73期,北日本,青森,青森県,追,1973/6/11,-,佐藤　康紀（青　森・73期）、松田　治之（大　阪・73期）,-,-,星　良信（青　森・28期）,小橋　秀幸（青　森・85期）、阿部　秀樹（青　森・89期）、五日市　誠（青　森・89期）、石田　宏樹（青　森・91期）、大崎　和也（青　森・92期）、佐藤　純嘉（青　森・94期）,-,-,-,うなぎ
小林　潤二,12948,75期,関東,前橋,群馬県,追,1972/9/21,小林泰正（甥113期）,梅山　英樹（群　馬・72期）、棟方　次郎（青　森・73期）,金子　真也（群　馬・69期）、山田　武（群　馬・87期）、三好恵一郎（群　馬・99期）、小林　泰正（群　馬・113期）,-,大谷　明（群　馬・51期）,小林　泰正（群　馬・113期）,-,-,焼肉､刺身(ふぐ刺し),春菊
小林　泰正,15243,113期,関東,前橋,群馬県,逃,1994/8/12,小林 潤二（75期）,曽我　圭佑（熊　本・113期）、宮本　隼輔（熊　本・113期）、安本　昇平（山　口・113期）、眞杉　匠（栃　木・113期）、藤井　將（広　島・113期）,小林　潤二（群　馬・75期）、田村　真広（群　馬・83期）、小林　大介（群　馬・79期）,安中クラブ,小林　潤二（群　馬・75期）,-,333m,1,魚,トマト
小林　大介,13240,79期,関東,前橋,群馬県,追,1977/12/29,-,諸橋　愛（新　潟・79期）、佐々木則幸（高　知・79期）、三宅　達也（岡　山・79期）、久冨　武（岡　山・79期）、渡辺　航平（東　京・79期）、四元　隆裕（和歌山・79期）,田村　真広（群　馬・83期）,安中グループ,井上　貴照（群　馬・68期）,-,-,１・３,焼肉、お菓子,-
小林　弘和,14196,91期,九州,武雄,佐賀県,追,1983/8/19,-,-,-,-,原　司（佐　賀・70期）,橋本　宇宙（佐　賀・123期）,-,-,-,-
小林　稜武,15259,113期,関東,松戸,栃木県,逃,1993/4/3,小林 昭二（父53期・引退）,菊池竣太朗（静　岡・111期）、栗本　尚宗（千　葉・113期）、橋本　英也（岐　阜・113期）,石毛　克幸（千　葉・84期）,-,石毛　克幸（千　葉・84期）,-,400m,１・３・９,寿司・焼肉・アイス,-
小林　令,15092,109期,関東,-,山梨県,追,1996/1/28,-,池野　健太（兵　庫・109期）、佐伯　辰哉（広　島・109期）,宮澤　晃（山　梨・75期）、加賀美智史（山　梨・87期）、古屋　琢晶（山　梨・90期）、城　幸弘（山　梨・96期）、村松　俊弥（山　梨・96期）、今村　俊雄（山　梨・99期）、新井僚太郎（山　梨・100期）、志村　太賀（山　梨・90期）、志村　龍己（山　梨・98期）,-,加賀美智史（山　梨・87期）,-,-,2,焼肉,イチジク
小堀　敢太,15778,125期,北日本,函館,北海道,逃,2000/6/26,-,角　宗哉（山　口・125期）、吉田　優斗（岩　手・125期）、秋末　蓮（兵　庫・125期）、佐藤　大地（三　重・125期）、中石　湊（北海道・125期）、藤田　祐大（茨　城・125期）,明田　春喜（北海道・89期）,-,明田　春喜（北海道・89期）,-,333m,１・４,行者にんにく、苺,杏仁豆腐
小松崎　大地,14718,99期,北日本,-,福島県,両,1982/9/3,-,-,岡部　芳幸（福　島・66期）、田村　純一（福　島・92期）、真船圭一郎（福　島・94期）,-,岡部　芳幸（福　島・66期）,-,-,１・２・３・９,焼肉,-
小松原　正登,15454,117期,近畿,福井,福井県,逃,1998/6/28,-,-,脇本　勇希（福　井・115期）、岸田　剛（福　井・121期）、上杉　嘉槻（福　井・119期）、寺崎　浩平（福　井・117期）、寺崎　舞織（福　井・112期）,-,脇本　雄太（福　井・94期）,-,400m,4,赤身肉,-
薦田　将伍,15288,113期,四国,松山,愛媛県,逃,1998/2/4,-,土居　佑次（高　知・113期）、山口　敦也（佐　賀・113期）、舟山　佑京（新　潟・113期）、佐々木堅次（福　島・113期）、佐山　寛明（奈　良・113期）、太田　将成（宮　城・113期）、小原　亮哉（大　分・113期）、藤井　將（広　島・113期）、黒沢　征治（埼　玉・113期）、田中　和磨（岡　山・113期）,-,-,溪　飛雄馬（愛　媛・86期）,-,400m,1,寿司、焼肉,-
小森　貴大,15183,111期,近畿,福井,福井県,両,1989/12/12,-,内藤　久文（愛　知・117期）,北川　紋部（福　井・78期）、野原　雅也（福　井・103期）,-,市田佳寿浩（福　井・76期）,内山　慧大（福　井・123期）,400m,１・４,天ぷら,もやし
近藤　翔馬,15554,119期,四国,松山,愛媛県,逃,1998/3/4,-,-,吉田　智哉（愛　媛・111期）、門田　凌（愛　媛・111期）,-,橋本　強（愛　媛・89期）,-,400m,-,-,-
近藤　保,14458,95期,南関東,千葉,千葉県,追,1982/8/31,-,-,藤田　大輔（千　葉・91期）、吉澤　賢（千　葉・94期）、武井　大介（千　葉・86期）、太刀川一成（千　葉・100期）、野口　裕史（千　葉・111期）、栗本　尚宗（千　葉・113期）,ぞうさん公園グループ,-,-,-,1,海鮮物全般,ふき・セロリ
近藤　俊明,13855,87期,南関東,平塚,神奈川県,追,1978/9/11,-,-,-,-,川越　義朗（神奈川・61期）,植木　和広（神奈川・98期）、吉岡　貴紀（神奈川・98期）、嶋津　拓弥（神奈川・103期）,400m,3,ホルモン,貝類
近藤　夏樹,14590,97期,南関東,千葉,千葉県,両,1987/8/14,近藤 隆司(兄90期),-,近藤　隆司（千　葉・90期）,-,廣田　久将（千　葉・83期）,-,-,1,-,-
近藤　隆司,14080,90期,南関東,松戸,千葉県,両,1984/1/25,近藤 夏樹(弟97期),-,-,松戸競輪場グループ,藤代　長武（千　葉・53期）,-,-,3,甘いもの全て,辛過ぎるもの
今野　大輔,15202,111期,中国,玉野,岡山県,両,1993/9/17,-,菊池竣太朗（静　岡・111期）、高橋　大輝（秋　田・111期）,-,-,宇根　秀俊（愛　媛・80期）,-,400m,1,ピザ,-
紺野　哲也,12487,69期,北日本,-,宮城県,追,1972/12/29,-,-,-,-,泉　有範（宮　城・35期）,-,-,-,焼肉･寿司･果物,山芋
今野　有樹,15378,115期,四国,松山,愛媛県,両,1997/5/15,今野 大輔（111期）,下野　義城（愛　媛・115期）、外田　心斗（愛　媛・115期）,宇根　秀俊（愛　媛・80期）、日野　友葵（愛　媛・108期）、今野　大輔（岡　山・111期）、田中　真彩（愛　媛・112期）,-,宇根　秀俊（愛　媛・80期）,-,400m,-,プリン、コーヒー,-
合志　正臣,13448,81期,九州,熊本,熊本県,追,1977/6/22,-,-,瓜生　崇智（熊　本・109期）、山川　奨太（熊　本・117期）、松本　憲斗（熊　本・119期）、米村　光星（熊　本・121期）、田中　会心（熊　本・123期）、小山　峻汰（熊　本・125期）、徳永　泰粋（熊　本・123期）,-,青木　宏親（熊　本・13期）,瓜生　崇智（熊　本・109期）、山川　奨太（熊　本・117期）、松本　憲斗（熊　本・119期）、田中　会心（熊　本・123期）、小山　峻汰（熊　本・125期）,-,2,蜂楽饅頭,にんじん
後藤　大輝,15649,121期,九州,久留米,福岡県,逃,2001/3/25,-,太田　海也（岡　山・121期）、小西　晴己（三　重・121期）、室井蓮太朗（徳　島・121期）、米村　光星（熊　本・121期）、近藤　雄太（岡　山・121期）、福田　要（宮　崎・121期）,桑原　亮（福　岡・91期）、田中　誠（福　岡・89期）、竹内　真一（福　岡・89期）,東脊振グループ,桑原　亮（福　岡・91期）,-,400m,3,グリーンピースご飯､グラタン,なし
後藤　悠,15325,115期,北日本,-,岩手県,逃,1995/4/8,-,-,佐藤　友和（岩　手・88期）、佐藤　博紀（岩　手・96期）、高木　翔（岩　手・105期）、藤根　俊貴（岩　手・113期）、照井　拓成（岩　手・115期）、小笠原　光（岩　手・117期）,-,佐藤　友和（岩　手・88期）,-,400m,２・３・９,甘いもの,貝、きのこ、えび
齋木　翔多,15354,115期,南関東,静岡,静岡県,逃,1998/11/12,-,蒋野　翔太（徳　島・115期）,-,-,黒田　直記（静　岡・72期）,-,400m,１・３,ラーメン、オムライス、焼肉,アボカド
才迫　開,14883,101期,中国,広島,広島県,両,1992/2/25,才迫 実(父55期・引退)才迫 勇馬(兄95期),-,-,-,野里　逸善（広　島・82期）,-,-,-,お好み焼き、汁なし担々麺,セロリ
斉藤　樂,15690,123期,北日本,-,宮城県,逃,2002/4/3,-,半田　誠（熊　本・123期）、山元　大夢（石　川・123期）、堀越　翔己（福　岡・123期）、火島　裕輝（愛　媛・123期）、橋本　宇宙（佐　賀・123期）、岡部　伶音（福　島・123期）,荻原　尚人（宮　城・89期）、櫻井　正孝（宮　城・100期）、阿部　拓真（宮　城・107期）、上遠野拓馬（宮　城・119期）、菊地　圭（宮　城・123期）,-,荻原　尚人（宮　城・89期）,-,333m,9,プリン、餃子,パクチー
齊藤　竜也,12819,73期,南関東,川崎,神奈川県,追,1974/12/13,-,-,-,川崎朝練,天笠　眞（神奈川・48期）,-,400m,-,ラーメン,-
齋藤　登志信,13306,80期,北日本,-,宮城県,追,1972/11/8,-,-,-,-,矢萩　利憲（山　形・33期）,-,-,3,-,-
佐伯　翔,14574,97期,北日本,いわき平,福島県,追,1987/4/20,-,本多　哲也（千　葉・97期）、山田　哲也（愛　知・99期）、金澤　幸司（福　島・91期）、関根　彰人（沖　縄・94期）、伊東　翔貴（福　島・100期）、須永　優太（福　島・94期）、金澤　竜二（福　島・91期）,平根　優大（福　島・125期）,TeamZwift、平工業ＯＢ会,小川　信明（福　島・43期）,平根　優大（福　島・125期）,-,-,-,-
佐伯　亮輔,15276,113期,中国,玉野,岡山県,逃,1994/7/14,-,嘉永　泰斗（熊　本・113期）、山中　崇弘（高　知・113期）、磯川　勝裕（東　京・113期）、樋口　開土（東　京・113期）、栗本　尚宗（千　葉・113期）,河端　朋之（岡　山・95期）、山根　将太（岡　山・119期）、松下　綾馬（岡　山・121期）,安田グループ,河端　朋之（岡　山・95期）,山根　将太（岡　山・119期）、松下　綾馬（岡　山・121期）,500m,1,妻の手料理,すいか、メロン
酒井　雄多,15086,109期,北日本,-,福島県,逃,1996/1/30,-,-,-,-,成田　和也（福　島・88期）,-,-,9,メロン,マシュマロ
坂井　洋,15341,115期,関東,宇都宮,栃木県,両,1994/10/25,-,天野　純平（佐　賀・115期）、原田　亮太（千　葉・115期）,幸田　望夢（栃　木・115期）、福田　滉（栃　木・115期）、眞杉　匠（栃　木・113期）、上川　直紀（栃　木・117期）、貝原　涼太（栃　木・125期）,-,星野　辰也（栃　木・95期）,貝原　涼太（栃　木・125期）,400m,-,梨、きゅうり,-
坂口　晃輔,14472,95期,中部,四日市,三重県,追,1988/3/22,-,-,-,北勢クラブ,水谷　弘泰（三　重・52期）,-,-,-,-,-
坂田　康季,15653,121期,九州,武雄,佐賀県,逃,1998/5/28,-,久保　光司（佐　賀・119期）、日高　裕太（静　岡・121期）、近谷　涼（富　山・121期）、一丸　尚伍（大　分・121期）,久保　光司（佐　賀・119期）、立部　楓真（佐　賀・115期）、橋本　宇宙（佐　賀・123期）、青柳　靖起（佐　賀・117期）,-,原　司（佐　賀・70期）,-,400m,-,焼肉、青魚,焼きすぎたお肉
佐方　良行,14631,97期,九州,熊本,熊本県,追,1980/10/18,-,-,-,-,矢野　良和（熊　本・54期）,-,-,１・３・７,パフェ・納豆・肉・ごはん,グリーンピース
阪本　和也,15386,115期,九州,佐世保,長崎県,追,1995/5/16,阪本 正和（70期）、阪本 大志（95期）,野上　竜太（岡　山・115期）、小原　佑太（青　森・115期）、原井　博斗（福　岡・115期）、立部　楓真（佐　賀・115期）、星野　洋輝（福　島・115期）,-,-,川島　勝（長　崎・89期）,-,400m,１・２・３・７,焼き肉,梅干し
坂本　健太郎,13808,86期,九州,久留米,福岡県,両,1980/7/18,坂本 亮馬(弟90期),高木　和仁（福　岡・76期）,-,-,中原　優（福　岡・44期）,-,333m,２・３,焼肉、和菓子、コーヒー,牛乳
坂本　修一,14769,99期,中国,玉野,岡山県,追,1987/10/11,-,-,-,-,上原　直樹（岡　山・75期）,-,-,2,カレー・焼肉,ピーマン・ウニ
坂本　周輝,14792,100期,北日本,青森,青森県,両,1991/4/24,坂本 貴史(兄94期)坂本 勉(父57期・引退)坂本 典男(叔父51期・引退)坂本 昌宏(従兄91期)坂本 周作(従弟105期)磯島 康祐(従弟105期),-,-,八戸地区,坂本　勉（青　森・57期）,-,-,2,肉,なし
坂本　周作,14982,105期,北日本,-,青森県,逃,1992/5/13,坂本 典男(父51期・引退)坂本 勉(叔父57期・引退)坂本 周輝(従兄100期)坂本 昌宏(兄91期)磯島 康祐(従兄105期)坂本 貴史(従兄94期)磯島成介(従弟115期）坂本紘規(117期),-,坂本　昌宏（青　森・91期）、坂本　貴史（青　森・94期）、坂本　周輝（青　森・100期）、新山　将史（青　森・98期）、新山　響平（青　森・107期）、永澤　剛（青　森・91期）、高橋　陽介（青　森・89期）、日当　泰之（青　森・92期）、嵯峨昇喜郎（青　森・113期）、磯島　康祐（青　森・105期）,-,坂本　典男（青　森・51期）,-,-,１・２,焼き肉,納豆
坂本　貴史,14348,94期,北日本,-,青森県,両,1989/2/16,坂本 勉(父57期・引退)坂本 周輝(弟100期)坂本 昌宏(従兄91期)磯島 康祐(従弟105期)坂本 周作(従弟105期)坂本 典男(叔父51期・引退)坂本絋規（弟117期）磯島成介（従弟115期）,-,坂本　昌宏（青　森・91期）、坂本　紘規（青　森・117期）、新山　将史（青　森・98期）、坂本　周輝（青　森・100期）、堀　航輝（青　森・121期）、坂本　周作（青　森・105期）、新山　響平（青　森・107期）、磯島　康祐（青　森・105期）、千澤　大輔（青　森・95期）、大和久保美（青　森・102期）,-,坂本　勉（青　森・57期）,坂本　紘規（青　森・117期）、堀　航輝（青　森・121期）,-,１・３,レバ刺し・牛タン,-
坂本　紘規,15415,117期,北日本,-,青森県,逃,1996/8/8,坂本勉（父・57期）坂本典男（伯父・51期）坂本貴史（兄・94期）坂本昌宏（従兄弟・91期）坂本周輝（兄・100期）坂本周作（従兄弟・105期）磯島成介（従兄弟・115期）磯島康祐（従兄弟・105期）,江連　和洋（栃　木・76期）,-,-,坂本　貴史（青　森・94期）,-,400m,9,肉,辛いもの
坂本　亮馬,14114,90期,九州,久留米,福岡県,追,1985/5/3,坂本 健太郎(兄86期),桑原　亮（福　岡・91期）、新田　祐大（福　島・90期）、高橋　雅之（千　葉・90期）、松岡　貴久（熊　本・90期）、廣川　泰昭（愛　媛・90期）、篠塚　光一（兵　庫・90期）,原口　昌平（福　岡・107期）、津村洸次郎（福　岡・101期）,-,加倉　正義（福　岡・68期）,-,-,1,バースデーケーキ,あたたかい物が冷えた時
嵯峨　昇喜郎,15235,113期,北日本,-,青森県,両,1998/12/26,-,伊藤　歩登（兵　庫・113期）、吉元　大生（静　岡・113期）、森田　優弥（埼　玉・113期）、福永　大智（大　阪・113期）、山田　諒（岐　阜・113期）、眞杉　匠（栃　木・113期）,永澤　剛（青　森・91期）、高橋　陽介（青　森・89期）、日当　泰之（青　森・92期）、木村　弘（青　森・100期）、坂本　周輝（青　森・100期）、坂本　周作（青　森・105期）,-,永澤　剛（青　森・91期）,-,400m,1,ラーメン,なす
佐川　翔吾,14399,94期,近畿,奈良,大阪府,両,1984/5/1,-,-,肥後　公允（奈　良・91期）、岡崎　和久（奈　良・78期）,阪奈グループ,前田　新（大　阪・68期）,福永　大智（大　阪・113期）,500m,１・２・３,甘味,辛味
櫻井　学,13618,84期,関東,前橋,群馬県,両,1979/10/21,-,-,-,鈴木道場,鈴木　一正（群　馬・48期）,南　彩乃（群　馬・112期）,-,１・５,鶏肉,魚貝類
櫻井　正孝,14795,100期,北日本,-,宮城県,追,1987/8/7,-,井上　将志（福　岡・98期）,和田　圭（宮　城・92期）、阿部　力也（宮　城・100期）、荻原　尚人（宮　城・89期）、菅田　壱道（宮　城・91期）、三浦　雄大（宮　城・98期）、上遠野拓馬（宮　城・119期）、阿部　拓真（宮　城・107期）,荻原一門,荻原　尚人（宮　城・89期）,阿部架惟都（宮　城・115期）、菅野　航基（宮　城・119期）,-,1,ラーメン,甘いもの
櫻井　祐太郎,15417,117期,北日本,-,宮城県,逃,1999/9/12,-,道場　晃規（静　岡・117期）、内藤　久文（愛　知・117期）、村田　瑞季（京　都・117期）、兼本　将太（熊　本・117期）、中村　隆生（栃　木・117期）、枠元　一葵（福　井・117期）,和田　圭（宮　城・92期）、原　大智（宮　城・117期）、三浦　大輝（宮　城・111期）,-,和田　圭（宮　城・92期）,-,400m,3,ラーメン,レバー
佐々木　和紀,15438,117期,南関東,川崎,神奈川県,追,1997/2/21,佐々木龍也(５７期）佐々木龍（109期）佐々木眞也（117期）,-,松坂　英司（神奈川・82期）、松谷　秀幸（神奈川・96期）、佐々木　龍（神奈川・109期）、佐々木眞也（神奈川・117期）,-,佐々木龍也（神奈川・57期）,-,-,１・２・３・４,焼肉､タンカン,なし
佐々木　堅次,15239,113期,北日本,いわき平,福島県,両,1994/10/29,-,薦田　将伍（愛　媛・113期）、藤根　俊貴（岩　手・113期）,高桑　由昇（福　島・81期）、駒場　智城（福　島・98期）、相笠　翔太（福　島・96期）、真船　拓磨（福　島・96期）、大島　将人（福　島・94期）、相良　勝美（福　島・70期）,-,高桑　由昇（福　島・81期）,-,400m,1,カレー、ラーメン,なし
佐々木　豪,15125,109期,四国,松山,愛媛県,逃,1996/3/16,-,吉岡伸太郎（愛　媛・105期）、高山　雄丞（愛　媛・109期）,吉田　智哉（愛　媛・111期）、和泉　尚吾（愛　媛・117期）、中岡　海（愛　媛・123期）,佐々木一門,-,中岡　海（愛　媛・123期）,-,1,お好み焼き,レバー
佐々木　翔一,14337,93期,九州,武雄,佐賀県,両,1986/10/27,佐々木 和徳(父51期・引退)佐々木 昭彦(叔父43期・引退)佐々木 浩三(叔父50期),-,-,佐々木レーシング,三槻　智清（佐　賀・80期）,-,-,1,焼肉,えび
佐々木　眞也,15439,117期,南関東,川崎,神奈川県,両,1994/8/9,佐々木龍也（父・57期）佐々木龍（兄・109期）佐々木和紀（弟・117期）,-,松坂　英司（神奈川・82期）、松谷　秀幸（神奈川・96期）、佐々木　龍（神奈川・109期）、佐々木和紀（神奈川・117期）,-,佐々木龍也（神奈川・57期）,-,-,1,お好み焼き,なし
佐々木　則幸,13295,79期,四国,高知,高知県,追,1976/9/3,-,林　明宏（高　知・79期）,掛水　泰範（高　知・98期）,-,佐々木　周（高　知・27期）,-,-,3,焼肉,イクラ
佐々木　雄一,13532,83期,北日本,-,福島県,追,1980/1/3,-,-,十文字菊雄（福　島・75期）,-,班目　秀雄（福　島・24期）,-,-,１・３,ラーメン,シーフード類
佐々木　悠葵,15343,115期,関東,前橋,群馬県,両,1995/8/4,-,伊藤　颯馬（沖　縄・115期）、竹元　健竜（福　岡・115期）、城戸　俊潔（岡　山・115期）、星野　洋輝（福　島・115期）、張野　幸聖（和歌山・115期）,矢口啓一郎（群　馬・86期）、三好恵一郎（群　馬・99期）、小林　泰正（群　馬・113期）、中島　将尊（東　京・105期）、蕗澤鴻太郎（群　馬・111期）、金子　真也（群　馬・69期）,-,矢口啓一郎（群　馬・86期）,-,333m,１・２,きつねうどん,パクチー
佐々木　龍,15094,109期,南関東,川崎,神奈川県,追,1990/10/31,佐々木 龍也(父57期)、佐々木眞也（弟117期）、佐々木和紀（弟117期）,佐藤　裕輝（福　島・98期）,松谷　秀幸（神奈川・96期）、松坂　英司（神奈川・82期）、佐々木眞也（神奈川・117期）、佐々木和紀（神奈川・117期）,-,佐々木龍也（神奈川・57期）,-,-,１・９,崎陽軒のシウマイ弁当,-
笹倉　慎也,14176,91期,中部,富山,富山県,追,1985/10/12,笹倉 重治(父48期・引退),永原　徹（富　山・87期）、谷本　奨輝（岐　阜・107期）,宮越　大（富　山・77期）、宮越　孝治（富　山・82期）、松崎　貴久（富　山・82期）、永原　徹（富　山・87期）、谷本　奨輝（岐　阜・107期）,-,笹倉　重治（富　山・48期）,-,-,2,キーマカレー、ホットサンド、コーヒー,-
佐藤　礼文,15337,115期,関東,取手,茨城県,追,1991/7/31,-,-,-,-,土屋　仁（茨　城・84期）,-,400m,4,富士そば,うどん
佐藤　一伸,14356,94期,北日本,いわき平,福島県,両,1987/8/2,-,-,房州　輝也（福　島・91期）、渡邉　正人（福　島・100期）、渡辺　正光（福　島・95期）、坂本　拓也（福　島・111期）、佐伯　翔（福　島・97期）,-,松崎　稔（福　島・76期）,-,-,８・９,すし,-
佐藤　和也,14427,95期,北日本,青森,青森県,追,1979/11/9,-,川崎　健次（神奈川・88期）,高谷　雅彦（青　森・67期）,-,高谷　雅彦（青　森・67期）,-,-,1,マーボー豆腐・ラーメン,魚卵系
佐藤　幸治,14211,92期,九州,佐世保,長崎県,両,1985/10/25,-,-,-,長崎選手会,高橋　里志（秋　田・49期）,瀬戸　晋作（長　崎・107期）、山口　龍也（長　崎・111期）、山口　伊吹（長　崎・116期）、峯口　司（長　崎・123期）,-,1,寿司、焼肉、ラーメン,くさや
佐藤　真一,13245,79期,関東,京王閣,東京都,追,1974/8/21,-,尾崎　剛（埼　玉・79期）、杉本　達哉（愛　知・79期）、竹内　公亮（岐　阜・86期）、小野　大介（福　島・91期）,-,河村グループ,高野　潔（東　京・51期）,-,-,4,こってりしたもの,ほしぶどう
佐藤　慎太郎,13162,78期,北日本,いわき平,福島県,追,1976/11/7,-,-,-,添田道場一門、沖縄県,添田　広福（福　島・49期）,関根　彰人（沖　縄・94期）,-,-,馬刺し、ようかん,-
佐藤　愼太郎,13533,83期,北日本,-,福島県,追,1978/8/30,-,棟方　次郎（青　森・73期）、阿部　宏之（宮　城・82期）,-,-,鈴木　良弘（福　島・43期）,-,-,-,-,-
佐藤　壮,14817,100期,南関東,千葉,千葉県,追,1991/11/30,佐藤 実(父56期・引退),-,-,-,利根川　勇（千　葉・32期）,-,-,3,焼き肉,-
佐藤　壮志,15749,123期,九州,熊本,熊本県,逃,2003/8/26,-,助川翔太郎（埼　玉・123期）、小笠原一真（青　森・123期）、鳥海　創（千　葉・123期）、入田　龍馬（鹿児島・125期）,田川　辰二（熊　本・72期）、伊藤　旭（熊　本・117期）、田川　翔琉（熊　本・119期）,-,田川　辰二（熊　本・72期）,-,400m,２・３,和菓子、寿司、ハンバーグ,ゴーヤ
佐藤　友和,13904,88期,北日本,-,岩手県,両,1983/2/13,佐藤正二（叔父41期）,-,-,-,佐藤　幸博（岩　手・63期）,高木　翔（岩　手・105期）、藤根　俊貴（岩　手・113期）、後藤　悠（岩　手・115期）、高木　香帆（佐　賀・120期）、中野　慎詞（岩　手・121期）,-,-,-,-
佐藤　博紀,14499,96期,北日本,-,岩手県,両,1985/7/28,-,城　幸弘（山　梨・96期）、真船　拓磨（福　島・96期）、菅谷　隆司（東　京・96期）,佐藤　幸博（岩　手・63期）、佐藤　友和（岩　手・88期）、高橋　潤（岩　手・96期）、高木　翔（岩　手・105期）、藤根　俊貴（岩　手・113期）、照井　拓成（岩　手・115期）、後藤　悠（岩　手・115期）,紫波グループ,佐藤　幸博（岩　手・63期）,照井　拓成（岩　手・115期）,-,-,焼き肉・すし,トマト・セロリ
佐藤　雅春,14350,94期,北日本,-,宮城県,追,1987/6/1,佐藤 義則(父44期・引退)佐藤 昭彦(叔父51期・引退),平間　一洋（宮　城・91期）、保科　千春（宮　城・100期）、竹山　慶太（宮　城・105期）,太田　貴之（宮　城・88期）、山崎　将幸（宮　城・92期）、和田　圭（宮　城・92期）、井上　公利（宮　城・93期）、鈴木　裕斗（宮　城・99期）、保科　千春（宮　城・100期）、會澤　龍（宮　城・105期）、竹山　慶太（宮　城・105期）、菅田　謙仁（宮　城・109期）、太田　将成（宮　城・113期）,練習小屋グループ,佐藤　義則（宮　城・44期）,-,400m,１・２・３・９,卵かけごはん,ネギ、オクラ、塩辛、ホヤ、山芋、チョコケーキ
佐藤　康紀,12786,73期,北日本,-,青森県,追,1974/9/17,佐藤啓斗(子119期）,小橋　明紀（青　森・73期）,小橋　明紀（青　森・73期）,-,長井　祐樹（青　森・64期）,高橋　陽介（青　森・89期）、小原　佑太（青　森・115期）、佐藤　啓斗（青　森・119期）,-,2,焼肉・寿司,-
佐藤　竜太,15535,119期,中部,名古屋,愛知県,逃,2000/12/1,-,長屋　秀明（岐　阜・117期）、牛田樹希斗（愛　知・119期）,一丸　安貴（愛　知・70期）、山田　圭二（愛　知・70期）、山内　卓也（愛　知・77期）、小塚　潤（愛　知・86期）、太田黒真也（愛　知・85期）、猪俣　康一（愛　知・99期）、山田　哲也（愛　知・99期）、桜井　雄太（愛　知・100期）、吉野　猛（愛　知・74期）、林　敬宏（愛　知・117期）,-,林　巨人（愛　知・91期）,-,400m,1,ラーメン,きのこ
佐藤　龍二,14384,94期,南関東,平塚,神奈川県,追,1988/6/25,-,-,渡邊　秀明（神奈川・68期）、加藤　圭一（神奈川・85期）、関口　泰明（神奈川・90期）、小菅　誠（神奈川・90期）、上野　真吾（神奈川・93期）、和田真久留（神奈川・99期）,-,渡邊　秀明（神奈川・68期）,-,400m,１・２・３,生肉,キュウリ、スイカ、メロン
佐野　梅一,13204,78期,近畿,向日町,京都府,追,1976/4/20,佐野 洋継(弟97期),-,村上　義弘（京　都・73期）、村上　博幸（京　都・86期）、岩崎　稔（京　都・81期）,-,南　昇（京　都・25期）,-,-,1,寿司・ラーメン,-
佐山　寛明,15269,113期,近畿,奈良,奈良県,逃,1987/7/21,-,-,黒川　渉（奈　良・103期）、西岡　利起（奈　良・125期）、栗山　俊介（奈　良・103期）,-,黒川　茂高（滋　賀・97期）,西岡　利起（奈　良・125期）,-,1,焼肉,-
皿屋　豊,15179,111期,中部,松阪,三重県,両,1982/12/27,-,山本　隼人（大　阪・111期）、浜田　翔平（大　阪・111期）、川口　雄太（徳　島・111期）、藤原俊太郎（岡　山・111期）、三浦　大輝（宮　城・111期）、照屋　将貴（沖　縄・111期）,舛井　幹雄（三　重・71期）,松阪地区の方々,舛井　幹雄（三　重・71期）,-,400m,1,アイスクリーム,-
澤田　義和,12533,69期,近畿,-,兵庫県,追,1972/10/9,-,-,筒井　裕哉（兵　庫・89期）、真田　晃（兵　庫・86期）、村田　雅一（兵　庫・90期）、篠塚　光一（兵　庫・90期）、松本　琢也（兵　庫・95期）、奥谷　広巳（兵　庫・78期）、池野　健太（兵　庫・109期）,-,坂東　利則（兵　庫・28期）,池野　健太（兵　庫・109期）、東　美月（兵　庫・124期）、油谷　蒼（兵　庫・125期）,-,2,-,-
塩島　嵩一朗,15807,125期,南関東,川崎,神奈川県,逃,2000/1/12,-,松本　定（福　岡・125期）、遠藤　拓巳（香　川・125期）、西村　剛（新　潟・125期）、川田　真也（埼　玉・125期）,新村　穣（神奈川・119期）、青野　将大（神奈川・117期）、池邉　聖（神奈川・123期）,-,小原　太樹（神奈川・95期）,-,400m,2,ラーメン,-
椎木尾　拓哉,14318,93期,近畿,和歌山,和歌山県,追,1985/8/26,-,山崎　光展（京　都・93期）,-,バンク,四元　隆裕（和歌山・79期）,大利　航平（和歌山・109期）、中村　泰輔（和歌山・117期）,-,1,何でも食べる,特になし
志田　龍星,15537,119期,中部,大垣,岐阜県,逃,1997/10/14,-,中島　詩音（山　梨・119期）、堀江　省吾（長　野・119期）、山根　将太（岡　山・119期）、梶原　大地（福　岡・119期）、田村　大（宮　崎・119期）,吉村　和之（岐　阜・80期）,-,吉村　和之（岐　阜・80期）,-,400m,１・９,肉,ナス
志智　俊夫,12596,70期,中部,岐阜,岐阜県,追,1972/9/3,-,山田　圭二（愛　知・70期）、一丸　安貴（愛　知・70期）、光岡　義洋（愛　知・73期）、藤原　誠（岐　阜・69期）、山田　雅之（岐　阜・72期）、原　司（佐　賀・70期）、堺　和之（福　岡・70期）,-,-,大島　昭二（岐　阜・50期）,服部　正継（岐　阜・86期）、廣島　和彦（岐　阜・93期）、出口謙一郎（岐　阜・123期）,-,1,-,-
篠田　幸希,15695,123期,関東,前橋,群馬県,逃,1999/3/11,-,岡部　伶音（福　島・123期）、菊地　圭（宮　城・123期）、佐々木祐太（岩　手・123期）、出口謙一郎（岐　阜・123期）、徳永　泰粋（熊　本・123期）、橋本　宇宙（佐　賀・123期）、松本　京太（静　岡・123期）、宮道　良輔（徳　島・123期）、安彦　統賀（埼　玉・121期）,小林　泰正（群　馬・113期）、佐々木悠葵（群　馬・115期）、蕗澤鴻太郎（群　馬・111期）、北村　貴幸（群　馬・71期）、小林　潤二（群　馬・75期）、矢口啓一郎（群　馬・86期）、山田　武（群　馬・87期）、天田　裕輝（群　馬・91期）、木暮　安由（群　馬・92期）、恩田　淳平（群　馬・100期）,-,北村　貴幸（群　馬・71期）,-,333m,1,寿司、焼き肉,なし
柴崎　淳,14174,91期,中部,四日市,三重県,両,1986/9/19,柴崎 俊光(兄91期),-,柴崎　俊光（三　重・91期）、花村　直人（三　重・71期）、勝谷　勝治（三　重・115期）、杉山　正和（三　重・59期）、浅井　康太（三　重・90期）、坂口　晃輔（三　重・95期）、伊藤　裕貴（三　重・100期）、谷口　遼平（三　重・103期）、廣田　敦士（三　重・107期）、伊藤　稔真（三　重・111期）,-,佐久間重光（三　重・41期）,勝谷　勝治（三　重・115期）,400m,３・７・８・４,たこ焼き、ピザ、魚、カレーうどん、そば、スンドゥブ,しいたけ
柴崎　俊光,14175,91期,中部,四日市,三重県,追,1984/11/5,柴崎 淳(弟91期),-,-,北勢クラブ,-,-,-,-,寿司・焼肉,しいたけ
柴田　洋輔,14232,92期,関東,松戸,東京都,追,1986/2/6,-,西村　行貴（東　京・92期）,西村　行貴（東　京・92期）,-,小林　正治（東　京・77期）,-,-,9,ギョ－ザ・鍋,-
島川　将貴,15122,109期,四国,小松島,徳島県,逃,1994/10/1,-,太田　竜馬（徳　島・109期）,室井　健一（徳　島・69期）、山本　宏明（徳　島・83期）、小倉　竜二（徳　島・77期）、木村　隆弘（徳　島・91期）、西山　圭二（徳　島・100期）、松本　卓也（徳　島・98期）、原田研太朗（徳　島・98期）、佐竹　和也（徳　島・83期）,室井国,室井　健一（徳　島・69期）,-,-,"1,2,3,4,5,6,7,8以外",ホタルイカの沖漬け,生ビール、日本酒
嶋田　誠也,15128,109期,九州,小倉,福岡県,追,1992/9/24,嶋田 誠(父41期・引退),-,園田　匠（福　岡・87期）、小川　勇介（福　岡・90期）、松尾信太郎（福　岡・92期）、永田　隼一（福　岡・95期）、市橋司優人（福　岡・103期）、岩谷　拓磨（福　岡・115期）、浅見　隼（福　岡・115期）、中川　聖大（福　岡・121期）、阿部　英斗（福　岡・125期）、松本　定（福　岡・125期）,-,永田　隼一（福　岡・95期）,-,-,１・２・４・５,焼肉,キュウリ
島田　竜二,13074,76期,九州,熊本,熊本県,追,1974/6/5,-,松永　晃典（静　岡・76期）、大崎世志人（高　知・76期）、石丸　寛之（岡　山・76期）,西川　親幸（熊　本・57期）、橋本　佳耶（熊　本・114期）、緒方慎太朗（熊　本・115期）、田中　陽平（熊　本・97期）,-,松村　義輝（熊　本・36期）,橋本　佳耶（熊　本・114期）,-,6,ジュース類・焼肉・お菓子・ケーキ,-
嶋津　拓弥,14935,103期,南関東,平塚,神奈川県,追,1986/3/19,-,-,近藤　俊明（神奈川・87期）、植木　和広（神奈川・98期）、吉岡　貴紀（神奈川・98期）,平塚競輪場朝練グループ,近藤　俊明（神奈川・87期）,-,-,１・２・３,米、肉,もやし
清水　一幸,15123,109期,近畿,岸和田,大阪府,追,1986/9/3,-,太田　竜馬（徳　島・109期）、島川　将貴（徳　島・109期）、安谷屋将志（沖　縄・96期）,-,-,湊　聖二（徳　島・86期）,-,-,1,鶏むね肉、赤身肉、サーモン、マグロ、ブロッコリー,なし
清水　剛志,14942,103期,近畿,福井,福井県,両,1991/2/17,野原 哲也(叔父51期・引退)、野原 雅也(従弟103期),-,北川　紋部（福　井・78期）、長澤　和光（福　井・74期）、伊原　克彦（福　井・91期）、小森　貴大（福　井・111期）、貴志　修己（和歌山・117期）、枠元　一葵（福　井・117期）、内山　慧大（福　井・123期）、濱田　芽生（福　井・126期）,市田道場,野原　哲也（福　井・51期）,-,400m,6,白米,わかめ、こんぶ
清水　裕友,15009,105期,中国,防府,山口県,両,1994/11/9,-,伊早坂駿一（茨　城・105期）、石塚輪太郎（和歌山・105期）、渡邉　雄太（静　岡・105期）、高木　翔（岩　手・105期）,國村　洋（山　口・80期）、山下　一輝（山　口・96期）,-,國村　洋（山　口・80期）,-,-,3,焼肉、寿司,-
志村　太賀,14076,90期,関東,-,山梨県,追,1983/6/17,-,-,-,-,望月　浩（山　梨・54期）,末木　浩二（山　梨・109期）,-,1,-,-
志村　龍己,14664,98期,関東,-,山梨県,追,1986/9/1,志村 太賀(兄90期),-,-,山梨選手会 境川競輪場,-,-,-,１・２,肉,苦い物
庄子　信弘,13604,84期,北日本,-,宮城県,追,1979/1/8,-,-,-,-,-,-,-,1,牛タン・寿司・麺類,アボガド
新山　響平,15034,107期,北日本,-,青森県,逃,1993/11/2,新山 将史(兄98期)小笠原 嘉(伯父44期・引退)小笠原 一都志(伯父51期・引退),-,坂本　貴史（青　森・94期）、坂本　昌宏（青　森・91期）、新山　将史（青　森・98期）、坂本　周輝（青　森・100期）、磯島　康祐（青　森・105期）,-,坂本　勉（青　森・57期）,-,-,１・４・９,カレー、りんご,レバー、人参
新山　将史,14640,98期,北日本,-,青森県,追,1990/12/11,新山 響平(弟107期),-,坂本　貴史（青　森・94期）、坂本　昌宏（青　森・91期）、永澤　剛（青　森・91期）,-,坂本　勉（青　森・57期）,-,-,１・８,焼き肉・スパイシーモスチーズバーガー,ヤングコーン
新村　穣,15528,119期,南関東,川崎,神奈川県,逃,1993/10/16,-,小林　泰正（群　馬・113期）、朝倉　智仁（茨　城・115期）、刈込　奈那（千　葉・120期）、塚本　瑠羽（神奈川・119期）,小原　太樹（神奈川・95期）、青野　将大（神奈川・117期）、池邉　聖（神奈川・123期）、塩島嵩一朗（神奈川・125期）,川崎競輪場グループ,小原　太樹（神奈川・95期）,-,-,4,-,-
城　幸弘,14515,96期,関東,-,山梨県,追,1986/1/4,-,-,-,山梨選手会,宮澤　晃（山　梨・75期）,中島　詩音（山　梨・119期）,-,-,-,-
末木　浩二,15093,109期,関東,-,山梨県,両,1991/9/29,-,-,-,-,志村　太賀（山　梨・90期）,-,-,2,フライドポテト,トマト
菅田　壱道,14129,91期,北日本,-,宮城県,両,1986/5/9,菅田 順和(伯父36期・引退)菅田 彰人(父47期・引退)菅田 和宏(従兄88期)菅田 賀子(従姉104期・引退)菅田 謙仁(弟109期),-,-,-,-,-,400m,1,すっぽん,レーズン
菅原　晃,13744,85期,九州,別府,大分県,追,1979/8/4,-,-,-,-,三好林太郎（大　分・46期）,大西　貴晃（大　分・101期）,-,7,刺身、寿司、焼肉,-
菅原　大也,15049,107期,南関東,平塚,神奈川県,両,1991/4/25,-,-,三ッ井　武（神奈川・96期）、松坂　侑亮（神奈川・115期）、梶山　大輔（神奈川・76期）、川越　勇星（神奈川・111期）、武田　憲祐（神奈川・93期）,平塚朝練グループ,-,-,-,3,カニクリームコロッケ,なす
菅原　裕太,14826,100期,南関東,-,静岡県,追,1991/6/15,-,-,柏木　伸介（静　岡・84期）、田中　孝彦（静　岡・91期）、土屋　裕二（静　岡・81期）,おれたち養分会、それ行け土屋組,柏木　伸介（静　岡・84期）,-,-,3,すし、ハンバーグ,きのこ
杉浦　侑吾,15356,115期,関東,名古屋,栃木県,逃,1995/3/17,-,谷　和也（大　阪・115期）、外田　心斗（愛　媛・115期）、原田　亮太（千　葉・115期）、土田　武志（茨　城・115期）、武田　亮（東　京・115期）、池川　瑠威（広　島・115期）,水谷　良和（愛　知・70期）,-,水谷　良和（愛　知・70期）,-,400m,1,肉,ナス
杉本　正隆,14504,96期,関東,取手,茨城県,追,1986/3/12,-,-,木村　泰丈（茨　城・65期）、木村　貴宏（茨　城・80期）、石渡　正也（茨　城・87期）、廣瀬　裕道（茨　城・71期）、芦澤　大輔（茨　城・90期）、平石　浩之（茨　城・87期）、浦川　尊明（茨　城・80期）,女化グループ,木村　貴宏（茨　城・80期）,-,-,2,焼き肉,-
杉森　輝大,14930,103期,関東,取手,茨城県,両,1982/9/15,-,-,-,-,十文字貴信（茨　城・75期）,-,-,-,-,-
杉山　悠也,13994,89期,北日本,-,秋田県,追,1983/7/25,-,高橋　秀吉（秋　田・88期）、引地　正人（秋　田・87期）、丸山　貴秀（秋　田・89期）、佐藤　朋也（秋　田・89期）,丸山　貴秀（秋　田・89期）、高橋　秀吉（秋　田・88期）,秋田選手会,高橋　里志（秋　田・49期）,中込　健太（秋　田・119期）,400m,3,カレー,くさや
鈴木　薫,15346,115期,関東,京王閣,東京都,逃,1999/2/28,-,寺沼　伊織（東　京・115期）、寺沼　拓摩（東　京・115期）、阿部架惟都（宮　城・115期）、磯島　成介（青　森・115期）,田谷　勇（東　京・54期）、中村由香里（東　京・102期）、寺沼　将彦（東　京・111期）、清水　健次（東　京・113期）、今井　聡（東　京・113期）、寺沼　伊織（東　京・115期）、寺沼　拓摩（東　京・115期）,田谷道場,田谷　勇（東　京・54期）,-,400m,1,アイスクリーム,レバー
鈴木　謙太郎,14053,90期,関東,取手,茨城県,両,1984/11/8,上田 栄蔵(義兄95期)鈴木 豪(弟105期),飯野　祐太（福　島・90期）,平沼　由充（福　島・83期）、飯野　祐太（福　島・90期）,取手競輪場グループ,平沼　由充（福　島・83期）,山口　茂（福　島・98期）、山本　恵介（福　島・100期）、小酒　大勇（宮　崎・103期）,-,-,ハロハロ、あんずあめ,ピーマン
鈴木　玄人,15431,117期,関東,立川,東京都,両,1996/6/3,-,安達　隆己（栃　木・117期）、兼本　将太（熊　本・117期）、岡田　亮太（東　京・117期）、長谷部龍一（岐　阜・117期）、高橋綜一郎（大　分・119期）,岡田　亮太（東　京・117期）,サマーランドグループ,-,-,400m,1,ラーメン,キノコ
鈴木　幸紀,13197,78期,中部,四日市,三重県,追,1976/4/13,-,水上正二郎（大　阪・78期）、白井　孝典（徳　島・78期）,上田　裕和（三　重・86期）、上田　国広（三　重・89期）、古田　義明（三　重・79期）,北勢クラブ,星野　嘉寛（三　重・49期）,-,-,2,-,-
鈴木　浩太,15525,119期,南関東,千葉,千葉県,逃,1997/4/15,-,菊池　翔（福　島・119期）、川藤　幸大（熊　本・119期）、堀江　省吾（長　野・119期）、栗本　武典（千　葉・119期）,山中　秀将（千　葉・95期）、染谷　幸喜（千　葉・111期）,-,山中　秀将（千　葉・95期）,山下　祐輔（千　葉・125期）、伊澤　茉那（千　葉・126期）,333m,1,焼肉、海老、南瓜,紫蘇
鈴木　輝大,15254,113期,関東,西武園,東京都,追,1995/1/14,-,今井　聡（東　京・113期）、清水　健次（東　京・113期）、河合　佑弥（東　京・113期）、磯川　勝裕（東　京・113期）、柿本　大貴（東　京・113期）、樋口　開土（東　京・113期）,長谷川飛向（東　京・121期）、石田　典大（東　京・123期）、永井　哉多（東　京・121期）,立川競輪,飯田　義広（東　京・44期）,-,400m,3,寿司、焼肉、ピザ、ハンバーガー,なし
鈴木　伸之,13862,87期,中部,豊橋,愛知県,追,1980/7/15,-,-,小林　信晴（愛　知・83期）、渡会　啓介（愛　知・83期）、加藤　寛治（愛　知・83期）,-,石川　浩史（愛　知・40期）,杉浦　菜留（愛　知・118期）、岩田みゆき（愛　知・120期）、長谷川裕一（愛　知・121期）,-,7,カニ,きのこ類
鈴木　裕,14239,92期,南関東,千葉,千葉県,両,1984/12/9,-,三宅　伸（岡　山・64期）,-,-,酢崎　良雄（千　葉・53期）,-,-,1,肉,-
鈴木　陸来,15441,117期,南関東,静岡,静岡県,逃,1996/10/26,-,-,新田　康仁（静　岡・74期）、内山　雅貴（静　岡・113期）、當銘　直美（愛　知・114期）、清水　彩那（静　岡・116期）、當銘沙恵美（愛　知・118期）,-,新田　康仁（静　岡・74期）,-,400m,7,コストコの牛タンブロック,ガリガリくんナポリタン味
鈴木　竜士,15037,107期,関東,京王閣,東京都,両,1994/1/18,-,-,-,-,戸邉　裕将（茨　城・72期）,-,-,１・２,-,-
鈴木　涼介,15332,115期,北日本,-,福島県,逃,1997/7/16,鈴木樹里(116期),岩谷　拓磨（福　岡・115期）、田上　晃也（岡　山・115期）、浅見　隼（福　岡・115期）,相笠　翔太（福　島・96期）、佐々木堅次（福　島・113期）,-,相笠　翔太（福　島・96期）,-,400m,-,ラーメン,なし
須藤　悟,14740,99期,南関東,千葉,千葉県,追,1989/7/27,須藤 誠(兄92期)須藤 稚明(妻102期),-,須藤　誠（千　葉・92期）,-,利根川　勇（千　葉・32期）,-,-,１・２・３,クレープ、Bill'sパンケーキ,-
須永　優太,14358,94期,北日本,いわき平,福島県,追,1988/6/11,須永 勝太(弟98期)吉田 雄二(叔父64期・引退),大島　将人（福　島・94期）、真船圭一郎（福　島・94期）、関根　彰人（沖　縄・94期）,小谷田公則（福　島・88期）、邊見　斎（福　島・92期）、金澤　幸司（福　島・91期）、金澤　竜二（福　島・91期）、関根　彰人（沖　縄・94期）、須永　勝太（福　島・98期）、星野　洋輝（福　島・115期）、窪木　一茂（福　島・119期）、邊見　光輝（福　島・119期）、角田　光（福　島・125期）,ＮＢＣ,木野内　高（福　島・53期）,星野　洋輝（福　島・115期）、窪木　一茂（福　島・119期）、角田　光（福　島・125期）,400m,９・１,オムライス,あんこ
角　令央奈,14677,98期,九州,久留米,福岡県,両,1987/4/20,-,志村　龍己（山　梨・98期）,-,-,-,-,333m,４､６､８以外,すき焼き、すし,フルーツ全般
隅田　洋介,15040,107期,中国,玉野,岡山県,両,1987/8/21,-,-,-,-,-,-,-,１・２・３,-,-
関　貴之,14286,93期,関東,取手,茨城県,追,1983/5/30,-,-,堀　政美（茨　城・65期）,-,関　一浩（茨　城・81期）,-,-,1,焼肉・旬の食べ物,-
瀬戸　栄作,15130,109期,九州,佐世保,長崎県,両,1993/6/8,瀬戸 晋作(兄107期),-,足達　重満（長　崎・80期）、瀬戸　晋作（長　崎・107期）、佐藤　幸治（長　崎・92期）、白濱　一平（長　崎・111期）、山口　龍也（長　崎・111期）、阪本　和也（長　崎・115期）、松本　昂大（長　崎・125期）,-,足達　重満（長　崎・80期）,松本　昂大（長　崎・125期）,-,3,オムライス,アボカド
瀬戸　晋作,15067,107期,九州,佐世保,長崎県,両,1993/6/8,-,-,-,長崎選手会,佐藤　幸治（長　崎・92期）,-,-,1,焼き肉、魚,無し
外田　心斗,15380,115期,四国,松山,愛媛県,逃,1998/7/18,-,松尾　勇吾（熊　本・115期）、寺沼　拓摩（東　京・115期）、杉浦　侑吾（栃　木・115期）、谷　和也（大　阪・115期）、池川　瑠威（広　島・115期）、今野　有樹（愛　媛・115期）、下野　義城（愛　媛・115期）,-,-,日野　博幸（愛　媛・103期）,-,400m,１・９,寿司、魚,-
園田　匠,13894,87期,九州,小倉,福岡県,追,1981/9/22,-,-,小川　勇介（福　岡・90期）、永田　隼一（福　岡・95期）、松尾信太郎（福　岡・92期）、嶋田　誠也（福　岡・109期）、市橋司優人（福　岡・103期）、岩谷　拓磨（福　岡・115期）,不動會,吉岡　稔真（福　岡・65期）,松尾信太郎（福　岡・92期）,-,2,肉、コーラ,野菜
染谷　幸喜,15168,111期,南関東,松戸,千葉県,逃,1988/8/18,-,高橋　幸司（沖　縄・99期）、下岡　優季（愛　知・105期）、内田　淳（千　葉・111期）、小林裕一朗（千　葉・111期）、野口　裕史（千　葉・111期）,山中　秀将（千　葉・95期）、鈴木　浩太（千　葉・119期）、坪内　恒（千　葉・123期）、鳥海　創（千　葉・123期）、山田　駿斗（千　葉・123期）、山下　祐輔（千　葉・125期）、伊澤　茉那（千　葉・126期）,-,山中　秀将（千　葉・95期）,鳥海　創（千　葉・123期）、山田　駿斗（千　葉・123期）,500m,-,クレープ,パクチー
田尾　駿介,15199,111期,四国,高知,高知県,追,1992/3/10,-,門田　凌（愛　媛・111期）、山崎　賢人（長　崎・111期）、平尾　一晃（長　崎・111期）,篠原　龍馬（高　知・89期）、今村麟太郎（高　知・111期）,-,篠原　龍馬（高　知・89期）,-,500m,9,ラーメン・うどん,ゴーヤ
高木　和仁,13070,76期,九州,久留米,福岡県,追,1974/7/22,高木 磯文(伯父期前・引退)工藤 元司郎(義父16期・引退)高木 萌那(子126期),-,-,-,野口　泰則（福　岡・52期）,-,-,-,肉・ワイン,-
高久保　雄介,14833,100期,近畿,向日町,京都府,両,1987/1/15,-,-,-,-,松村　順之（京　都・71期）,-,-,-,-,-
高塩　讓次,14059,90期,関東,宇都宮,栃木県,追,1983/9/6,-,中川　貴徳（栃　木・91期）、塚本　和宏（栃　木・90期）,-,-,瀧深　一彦（栃　木・40期）,-,-,4,焼肉、ラーメン、蕎麦,無し
高田　修汰,15361,115期,近畿,福井,福井県,逃,1999/10/4,-,阿部架惟都（宮　城・115期）、山本　修平（東　京・115期）,-,-,北川　浩一（福　井・59期）,-,400m,2,担々麺,貝類全般
高津　晃治,13883,87期,中国,玉野,岡山県,追,1979/7/19,-,-,丹波　靖貴（岡　山・74期）、大田　啓介（岡　山・73期）、三宅　旬（岡　山・80期）、坂本　智哉（岡　山・82期）、榊原　洋（岡　山・85期）,-,丹波　秀次（岡　山・23期）,-,500m,3,鍋物・ハム・ケンタッキー,こんにゃく・高野豆腐・コロッケ
高橋　和也,14168,91期,中部,名古屋,愛知県,両,1986/6/27,-,-,-,-,高橋　美行（愛　知・33期）,-,-,4,うどん･焼肉,-
高橋　築,15090,109期,関東,京王閣,東京都,両,1992/5/8,-,-,高橋　大作（東　京・83期）、鈴木雄一朗（東　京・94期）,-,鈴木雄一朗（東　京・94期）,-,-,2,ラーメン,特になし
高橋　舜,15784,125期,北日本,-,宮城県,逃,2001/3/23,-,中島　淳（埼　玉・125期）、南部　翔大（大　阪・125期）、角　宗哉（山　口・125期）,櫻井　正孝（宮　城・100期）、菅野　航基（宮　城・119期）、菊地　圭（宮　城・123期）、斉藤　樂（宮　城・123期）、福田　健太（宮　城・125期）,-,櫻井　正孝（宮　城・100期）,-,333m,1,カレー,レバー
高橋　晋也,15333,115期,北日本,いわき平,福島県,逃,1994/10/4,-,-,飯野　祐太（福　島・90期）、渡邉　一成（福　島・88期）、山田　祐太（福　島・113期）、前川　大輔（福　島・113期）、板垣　昴（北海道・115期）、宇佐見優介（福　島・115期）,-,飯野　祐太（福　島・90期）,-,400m,7,すし、シュークリーム,スイカ、バナナ
高橋　雅之,14082,90期,南関東,松戸,千葉県,追,1982/7/27,-,坂本　亮馬（福　岡・90期）、伊藤　成紀（大　阪・90期）,-,-,-,-,-,3,寿司,-
高原　仁志,13741,85期,四国,小松島,徳島県,追,1980/9/21,高原 克義(父30期・引退),-,-,徳島選手会,堀江弥三郎（徳　島・48期）,-,-,１・４,焼肉・寿司,-
田口　勇介,15510,119期,北日本,-,秋田県,逃,2000/6/19,-,菅野　航基（宮　城・119期）、林　昌幸（愛　媛・119期）、阿部　龍也（山　口・119期）、疋田　力也（愛　知・119期）、志田　龍星（岐　阜・119期）、中島　詩音（山　梨・119期）、堀江　省吾（長　野・119期）,佐藤　朋也（秋　田・89期）,-,佐藤　朋也（秋　田・89期）,-,-,2,馬刺し,レバー
竹内　翼,15120,109期,中国,広島,広島県,逃,1991/5/20,-,樋口　瑛土（東　京・109期）、小出　慎也（和歌山・109期）,吉本　哲郎（広　島・84期）、木村　幸希（広　島・109期）、船瀬　惇平（広　島・111期）、増田　仁（広　島・113期）、町田　太我（広　島・117期）、白井優太朗（広　島・119期）、西田　優大（広　島・123期）、黒瀬浩太郎（広　島・123期）、藤高　千恵（広　島・124期）,吉本グループ,吉本　哲郎（広　島・84期）,-,500m,9,牡蠣、酒,-
竹内　智彦,13619,84期,北日本,-,宮城県,追,1977/4/29,-,-,-,-,武藤　高夫（群　馬・42期）,-,-,-,-,-
竹内　雄作,14752,99期,中部,大垣,岐阜県,逃,1987/9/29,-,-,山口　富生（岐　阜・68期）、松岡　篤哉（岐　阜・97期）、向井裕紀弘（岐　阜・98期）、山口　聖矢（岐　阜・115期）、山口　拳矢（岐　阜・117期）,北陽グループ,山口　富生（岐　阜・68期）,-,-,３・７,焼肉・ごはん,-
武田　豊樹,13923,88期,関東,取手,茨城県,追,1974/1/9,-,-,-,川村道場,川村　恵三（茨　城・20期）,今井　裕介（茨　城・93期）、牛山　貴広（茨　城・92期）、小原　唯志（茨　城・101期）、吉澤　純平（茨　城・101期）,-,1,-,-
武田　亮,15347,115期,関東,立川,東京都,逃,1999/5/13,-,-,山崎　充央（東　京・79期）、山本　勝利（東　京・117期）、水森　湧太（東　京・117期）、高橋　築（東　京・109期）、山本恵太郎（東　京・71期）、松本　詩乃（東　京・122期）、星野　しほ（東　京・124期）,大宮道場,山崎　充央（東　京・79期）,-,400m,７・９,ラーメン、餃子,アボカド
竹村　勇祐,14500,96期,北日本,-,秋田県,追,1990/2/21,-,-,内藤　宣彦（秋　田・67期）、坂本　毅（岩　手・77期）、佐々木弘美（秋　田・69期）,-,高橋　慶勝（秋　田・53期）,-,-,7,スパゲッティ,キノコ
竹元　健竜,15382,115期,九州,久留米,福岡県,両,1997/8/25,竹元 太志,張野　幸聖（和歌山・115期）、星野　洋輝（福　島・115期）、伊藤　颯馬（沖　縄・115期）、柴田　了（福　岡・64期）,原井　博斗（福　岡・115期）、島村　匠（福　岡・111期）、中村　翔平（福　岡・117期）、上野　恭哉（福　岡・119期）、川野　深（福　岡・119期）、梶原　大地（福　岡・119期）、橋本　陸（福　岡・121期）、梶原　海斗（福　岡・123期）、堀川敬太郎（福　岡・123期）、神開　一輝（福　岡・119期）,-,藤田　剣次（福　岡・85期）,-,400m,5,家庭的な料理、肉､カレー,ピーマン､シナモン、ほしぶどう
竹山　陵太,14130,91期,北日本,-,宮城県,追,1985/5/15,竹山 慶太(弟105期),-,-,-,渡邉　幹男（宮　城・51期）,-,-,3,ビール,-
舘　泰守,13330,80期,中部,名古屋,愛知県,追,1976/2/4,-,北野　良栄（茨　城・95期）、桑原　大志（山　口・80期）,大谷　靖茂（愛　知・93期）、外山　三平（愛　知・88期）、當銘　直美（愛　知・114期）,-,釜田　和明（愛　知・52期）,-,-,7,小豆,-
太刀川　一成,14819,100期,南関東,千葉,千葉県,追,1980/7/21,-,松丸　裕紀（福　岡・86期）、伊勢崎彰大（千　葉・81期）,吉澤　賢（千　葉・94期）、近藤　保（千　葉・95期）、武井　大介（千　葉・86期）、藤田　大輔（千　葉・91期）、野口　裕史（千　葉・111期）,利根川ｸﾞﾙｰﾌﾟ､K･W･A、松虫,利根川　勇（千　葉・32期）,-,400m,2,焼き肉、イタリアン,しいたけ、まずい食物
立花　昌也,15687,123期,北日本,-,青森県,逃,1999/4/3,-,高橋　海月（青　森・123期）、小笠原一真（青　森・123期）,高橋　海月（青　森・123期）、小笠原一真（青　森・123期）、嵯峨昇喜郎（青　森・113期）、小原丈一郎（青　森・115期）、日当　泰之（青　森・92期）、大川　剛（青　森・121期）,-,日当　泰之（青　森・92期）,-,333m,1,オムライス、ピザ、ラーメン,人参
立部　楓真,15385,115期,九州,武雄,佐賀県,逃,1998/7/17,-,阪本　和也（長　崎・115期）、小柳　智徳（長　崎・123期）,古川　貴之（佐　賀・93期）、青柳　靖起（佐　賀・117期）,-,古川　貴之（佐　賀・93期）,-,400m,１・２,焼肉､トマト,生魚
田中　大我,15363,115期,近畿,奈良,奈良県,逃,1998/10/28,-,-,三谷　将太（奈　良・92期）、三谷　竜生（奈　良・101期）,-,肥後　勇志（奈　良・77期）,-,333m,-,お肉、お魚,みどりの野菜、ポン酢、しょうが
田中　晴基,14081,90期,南関東,松戸,千葉県,追,1986/2/21,-,高塩　讓次（栃　木・90期）,-,松戸バンクグループ,利根川　勇（千　葉・32期）,-,-,1,母のチーズケーキ,脂っこい物
田中　誠,14041,89期,九州,久留米,福岡県,追,1983/8/7,-,中園　和剛（福　岡・89期）、橋本　強（愛　媛・89期）、栗林　巧（青　森・89期）、伊藤　大彦（徳　島・89期）,-,-,池尻　浩一（福　岡・63期）,-,-,3,瓦そば、肉,しいたけ、トマト
田中　勇二,14485,95期,中国,玉野,岡山県,追,1987/12/23,-,-,近藤　修康（岡　山・67期）、近藤　範昌（岡　山・82期）、友定　祐己（岡　山・82期）、在本　直樹（岡　山・93期）、高井　流星（岡　山・113期）、田上　晃也（岡　山・115期）、小川　巧（岡　山・57期）、大槇　大介（岡　山・119期）,近藤グループ,三村　学（岡　山・73期）,田上　晃也（岡　山・115期）,-,1,ギョーザ,しいたけ
田中　陽平,14633,97期,九州,熊本,熊本県,追,1990/3/13,-,吉成　貴博（熊　本・97期）、利根　正明（大　分・97期）、柿澤　大貴（長　野・97期）、岡崎　祥伍（岐　阜・97期）、上田　隼（岐　阜・97期）,島田　竜二（熊　本・76期）、橋本　佳耶（熊　本・114期）,事なかれ主義,中村　雅仁（熊　本・90期）,-,333m,2,ラーメン・焼き肉,甲殻類
棚瀬　義大,15718,123期,中部,岐阜,岐阜県,逃,1999/11/20,-,枝村　弘樹（宮　崎・123期）,川口公太朗（岐　阜・98期）,-,川口公太朗（岐　阜・98期）,-,400m,１・２・９,-,-
棚橋　勉,14548,96期,中国,玉野,岡山県,追,1981/1/5,-,-,-,-,守谷　陽介（岡　山・87期）,-,-,-,-,-
谷　和也,15369,115期,近畿,-,大阪府,逃,1999/3/28,-,土田　武志（茨　城・115期）、武田　亮（東　京・115期）、原田　亮太（千　葉・115期）、杉浦　侑吾（栃　木・115期）、池川　瑠威（広　島・115期）、外田　心斗（愛　媛・115期）、松尾　勇吾（熊　本・115期）,中武三四郎（大　阪・113期）、福永　大智（大　阪・113期）、中釜　章成（大　阪・113期）、井坂　泰誓（大　阪・115期）、仲野　結音（大　阪・117期）,-,佛田　一夫（大　阪・81期）,-,400m,１・４・７,寿司・フルーツ・コーヒー,味の濃いもの
谷口　力也,15569,119期,九州,熊本,熊本県,逃,1997/9/2,谷口城明（57期）,中島　詩音（山　梨・119期）、桑名　僚也（埼　玉・119期）、田川　翔琉（熊　本・119期）、阿部　龍也（山　口・119期）、田村　大（宮　崎・119期）、林　昴（福　岡・119期）、小池　千啓（栃　木・119期）、大高　彰馬（福　島・119期）、神開　一輝（福　岡・119期）,中村　健志（熊　本・96期）、中村　圭志（熊　本・86期）、中山敬太郎（熊　本・100期）、永田　修一（熊　本・90期）、園田　鉄兵（熊　本・93期）、興呂木雄治（熊　本・96期）、田仲　敦子（熊　本・104期）,Ｇ－ＴＯＲＡ,中村　健志（熊　本・96期）,-,-,３・５・７,焼肉,-
谷口　遼平,14940,103期,中部,四日市,三重県,逃,1994/2/3,-,川口　聖二（岐　阜・103期）、小酒　大勇（宮　崎・103期）、田中　誇士（静　岡・103期）、永田　秀佑（長　崎・103期）、野原　雅也（福　井・103期）,伊藤　裕貴（三　重・100期）,北勢グループ,佐久間幸人（三　重・51期）,弓矢輪太郎（三　重・125期）,400m,１・３,野菜,マッシュルーム
谷田　泰平,14307,93期,中部,大垣,岐阜県,追,1977/3/8,-,守安　政雄（岡　山・94期）、渡邉　孝光（静　岡・99期）,-,大垣競輪場グループ,水谷　雅樹（岐　阜・71期）,小浦　凪（岐　阜・117期）,-,3,カレー,無し
田村　大,15572,119期,九州,-,宮崎県,逃,1998/4/21,-,米嶋　恵介（岡　山・119期）、谷口　力也（熊　本・119期）、志田　龍星（岐　阜・119期）、田川　翔琉（熊　本・119期）、大高　彰馬（福　島・119期）、梅田加津也（神奈川・119期）、上遠野拓馬（宮　城・119期）、川野　深（福　岡・119期）、橋本　凌汰（岡　山・119期）,四元　慎也（宮　崎・77期）、久島　尚樹（宮　崎・100期）、那須　萌美（宮　崎・114期）、松本　一志（宮　崎・117期）、福田　要（宮　崎・121期）,-,四元　慎也（宮　崎・77期）,-,400m,１・２・３・９,肉、ピザ、鰻,なす
塚本　大樹,14564,96期,九州,熊本,熊本県,追,1988/10/8,塚本 光男(祖父・期前・引退)塚本 英美(父・36期・引退)塚本 一之(親戚・52期・引退)塚本 耕一郎(親戚・51期・引退)塚本 裕之(親戚・51期・引退)塚本 成己(親戚・58期・引退)渡 徳行(伯父・33期),-,東矢　昇太（熊　本・98期）、伊藤　拓人（静　岡・94期）、宮腰　圭祐（福　井・96期）、本郷　雄三（熊　本・99期）、鷲田　幸司（福　井・92期）,-,塚本　英美（熊　本・36期）,-,400m,２・８,"肉,寿司,ﾌｫｱｸﾞﾗ,ﾄﾘｭﾌ,Curry","なすび,トマト,冷えきったごはん"
月森　亮輔,14879,101期,中国,玉野,岡山県,両,1992/1/14,月森 光彦(父54期・引退),-,柳谷　崇（岡　山・87期）,玉野競輪場グループ,柳谷　崇（岡　山・87期）,-,-,-,塩タン,しいたけ
土屋　壮登,14864,101期,関東,大宮,埼玉県,追,1987/4/2,-,-,-,-,片折　亮太（埼　玉・92期）,-,400m,6,肉、魚、酒,-
土屋　裕二,13420,81期,南関東,伊東,静岡県,追,1976/3/11,-,中石　昌芳（広　島・81期）,海野　晃（静　岡・58期）、深瀬　泰我（静　岡・119期）、柏木　伸介（静　岡・84期）、菅原　裕太（静　岡・100期）,伊東・沼津地区,海野　晃（静　岡・58期）,-,-,1,麺類・チョコレート,セロリ・ししとう
筒井　敦史,13737,85期,中国,玉野,岡山県,追,1976/6/6,-,榊原　洋（岡　山・85期）、井上　剛（岡　山・85期）、東口　善朋（和歌山・85期）,守安　政雄（岡　山・94期）、工藤　文彦（沖　縄・97期）、高橋清太郎（岡　山・97期）、岩本　純（岡　山・94期）、米嶋　恵介（岡　山・119期）、宮安　利紗（岡　山・106期）、猪頭香緒里（岡　山・104期）,-,本田　晴美（岡　山・51期）,守安　政雄（岡　山・94期）、紀井　孝之（岡　山・96期）、工藤　文彦（沖　縄・97期）、高橋清太郎（岡　山・97期）,500m,１・４,ラーメン,セロリ
堤　洋,12987,75期,四国,小松島,徳島県,追,1975/12/24,-,-,近藤　直幹（徳　島・75期）、米澤　大輔（徳　島・73期）、小磯　知也（徳　島・76期）、小倉　竜二（徳　島・77期）、木村　勉（徳　島・79期）,-,武市　和明（徳　島・43期）,-,-,1,ラーメン・スパゲティー,漬け物・トマト
津村　洸次郎,14889,101期,九州,久留米,福岡県,両,1991/5/31,-,-,田中　誠（福　岡・89期）、坂本　亮馬（福　岡・90期）,-,藤田　剣次（福　岡・85期）,-,-,2,カレー・肉・すし,芽キャベツ
寺崎　浩平,15413,117期,近畿,福井,福井県,逃,1994/1/4,-,-,-,-,鷲田　佳史（福　井・88期）,-,400m,7,パスタ,マヨネーズ
寺沼　拓摩,15349,115期,関東,京王閣,東京都,両,1999/1/28,寺沼 将彦（111期・兄）、寺沼 伊織（115期・兄）,池川　瑠威（広　島・115期）、外田　心斗（愛　媛・115期）、小畑　勝広（茨　城・115期）、立部　楓真（佐　賀・115期）,田谷　勇（東　京・54期）、中村由香里（東　京・102期）、寺沼　将彦（東　京・111期）、清水　健次（東　京・113期）、今井　聡（東　京・113期）、寺沼　伊織（東　京・115期）、鈴木　薫（東　京・115期）,田谷道場,田谷　勇（東　京・54期）,-,-,-,牛タン,-
照井　拓成,15326,115期,北日本,-,岩手県,逃,1996/1/8,-,坂井　洋（栃　木・115期）、幸田　望夢（栃　木・115期）、福田　滉（栃　木・115期）、松尾　勇吾（熊　本・115期）、宮崎　大空（熊　本・115期）,-,-,佐藤　博紀（岩　手・96期）,-,400m,２・３,焼肉,なし
出澤　拓也,15171,111期,南関東,川崎,神奈川県,追,1991/2/24,-,吉田　智哉（愛　媛・111期）、小林裕一朗（千　葉・111期）、久保田泰弘（山　口・111期）,-,-,三住　博昭（神奈川・61期）,-,-,-,-,-
東矢　圭吾,15661,121期,九州,熊本,熊本県,逃,1998/10/21,東矢 昇太,田川　翔琉（熊　本・119期）、荒川　仁（千　葉・121期）、岸田　剛（福　井・121期）、末廣　快理（兵　庫・121期）、安彦　統賀（埼　玉・121期）,東矢　昇太（熊　本・98期）,-,東矢　昇太（熊　本・98期）,-,400m,１・５・９,チョコレート、海老,キノコ類
東矢　昇太,14691,98期,九州,熊本,熊本県,追,1986/6/22,-,角　令央奈（福　岡・98期）、増原　正人（広　島・98期）、志村　龍己（山　梨・98期）、井上　将志（福　岡・98期）,森山　智徳（熊　本・98期）、徳永　哲人（熊　本・100期）、松岡　貴久（熊　本・90期）、中本　匠栄（熊　本・97期）、上野　優太（熊　本・113期）、嘉永　泰斗（熊　本・113期）、倉岡慎太郎（熊　本・59期）、本郷　雄三（熊　本・99期）、兼本　将太（熊　本・117期）、大窪　輝之（熊　本・72期）,甲佐周辺,西島　聡一（熊　本・56期）,西島　叶子（熊　本・118期）,-,１・２,和食・スシ,辛いもの・油っこいもの
徳田　匠,15540,119期,近畿,向日町,京都府,逃,1997/4/22,-,-,-,-,畑段　嵐士（京　都・105期）,-,400m,-,ギョウザ,パクチー
徳永　哲人,14852,100期,九州,熊本,熊本県,両,1982/6/7,-,楠木孝志郎（熊　本・96期）、馬場　勇（熊　本・92期）,倉岡慎太郎（熊　本・59期）、大窪　輝之（熊　本・72期）、中本　匠栄（熊　本・97期）、森山　智徳（熊　本・98期）、東矢　昇太（熊　本・98期）、本郷　雄三（熊　本・99期）、寺崎　祐樹（熊　本・97期）、上野　優太（熊　本・113期）、兼本　将太（熊　本・117期）、嘉永　泰斗（熊　本・113期）,甲佐グループ,仲山　桂（熊　本・66期）,-,-,1,焼き肉、フルーツ,サーモン
戸田　洋平,14259,92期,中国,玉野,岡山県,追,1983/4/17,-,伊藤　信（大　阪・92期）、佐藤　佑一（岩　手・92期）、片山　智晴（岡　山・92期）,河端　朋之（岡　山・95期）、黒田　淳（岡　山・97期）,安田グループ,本田　晴美（岡　山・51期）,-,-,5,コロッケ,-
取鳥　雄吾,15061,107期,中国,玉野,岡山県,逃,1995/1/17,取鳥 敬一(父69期),-,-,-,取鳥　敬一（岡　山・69期）,-,-,２・９,焼き肉,ピーマン
友定　祐己,13495,82期,中国,玉野,岡山県,追,1978/12/22,-,矢部　和彦（三　重・82期）、春日　勇人（千　葉・82期）,近藤　修康（岡　山・67期）、近藤　範昌（岡　山・82期）、在本　直樹（岡　山・93期）、田中　勇二（岡　山・95期）、高井　流星（岡　山・113期）、田上　晃也（岡　山・115期）,近藤グループ,近藤　博信（岡　山・41期）,大槇　大介（岡　山・119期）,-,-,魚・野菜,-
内藤　高裕,14511,96期,関東,西武園,東京都,追,1988/6/23,-,-,-,西武園クラブ,飯田　義広（東　京・44期）,-,-,4,焼き肉,-
内藤　宣彦,12339,67期,北日本,-,秋田県,追,1971/3/2,-,-,宮倉　勇（千　葉・58期）、成清　貴之（千　葉・73期）、中曽　直彦（千　葉・74期）、森田　達也（福　島・88期）、小埜　正義（千　葉・88期）、花田　将司（千　葉・99期）、大関　祐也（千　葉・107期）,-,高橋　三郎（秋　田・30期）,田口　守（山　口・94期）,-,２・３・７,焼肉、ウニ、銀ダラ,抹茶
内藤　久文,15445,117期,中部,豊橋,愛知県,逃,1992/2/29,-,小森　貴大（福　井・111期）、林　敬宏（愛　知・117期）,金子　貴志（愛　知・75期）、山田二三補（愛　知・64期）、泉谷　元樹（愛　知・101期）,-,金子　貴志（愛　知・75期）,-,400m,１・２・３,ラーメン、焼肉、お寿司,特になし
内藤　秀久,14018,89期,南関東,川崎,神奈川県,追,1982/2/4,-,-,-,-,伊藤　繁（神奈川・21期）,金田　涼馬（神奈川・119期）,400m,2,焼き立てのパン,カニカマ
中井　俊亮,14945,103期,近畿,奈良,奈良県,両,1992/12/11,中井　義実（父53期・引退）中井　太祐（兄97期）,-,杉田　清典（奈　良・71期）、中井　太祐（奈　良・97期）,-,杉田　清典（奈　良・71期）,-,333m,-,甘い物,緑黄色野菜
中井　達郎,12886,74期,南関東,伊東,静岡県,追,1974/9/4,-,遠藤　勝行（静　岡・73期）、川端　大輔（静　岡・76期）,梶原　亜湖（静　岡・73期）、遠藤　勝行（静　岡・73期）,-,畑中　幸造（静　岡・31期）,小川　達也（静　岡・93期）,-,2,魚介類・干し柿,なし
中井　太祐,14605,97期,近畿,奈良,奈良県,両,1989/10/6,中井 義実(父53期・引退)中井 俊亮(弟103期),-,中井　俊亮（奈　良・103期）,-,中井　義実（奈　良・53期）,-,-,1,-,-
中石　湊,15779,125期,北日本,函館,北海道,逃,2004/11/14,-,阿部　英斗（福　岡・125期）、山崎　歩夢（福　島・125期）、小堀　敢太（北海道・125期）,大森　慶一（北海道・88期）、大森　光明（北海道・117期）,-,大森　慶一（北海道・88期）,-,400m,1,焼肉,-
中釜　章成,15272,113期,近畿,岸和田,大阪府,逃,1997/2/22,-,眞杉　匠（栃　木・113期）、小玉　勇一（埼　玉・113期）、渡邉　直弥（静　岡・113期）、真崎　章徳（佐　賀・113期）、前川　大輔（福　島・113期）、井田　晶之（三　重・113期）,山村　慮太（大　阪・97期）,カリスマ酒井一家,山村　慮太（大　阪・97期）,-,400m,１・２・３,肉、すし、ケーキ,なし
中川　勝貴,15104,109期,近畿,福井,福井県,追,1995/8/10,中川 博文(父61期),-,-,-,中川　博文（福　井・61期）,-,-,1,焼肉,-
中川　誠一郎,13745,85期,九州,熊本,熊本県,両,1979/6/7,瀬口 慶一郎(従兄77期)中川 諒子(妹102期)瀬口 孝一郎(叔父23期・引退),田川　辰二（熊　本・72期）、對馬　太陽（神奈川・85期）,高木　竜司（熊　本・82期）、山田　和巧（神奈川・87期）、高田　隼人（熊　本・81期）、吉田　悟（熊　本・119期）,-,瀬口慶一郎（熊　本・77期）,吉田　悟（熊　本・119期）,-,１・２・３・７,寿司,トマト
中川　貴徳,14141,91期,関東,宇都宮,栃木県,追,1984/3/30,中川 幸一(父44期・引退),矢野　昌彦（栃　木・91期）、高塩　讓次（栃　木・90期）、小田倉勇二（埼　玉・91期）、塚本　和宏（栃　木・90期）,矢野　昌彦（栃　木・91期）、高塩　讓次（栃　木・90期）、塚本　和宏（栃　木・90期）、飯嶋　則之（栃　木・81期）、真崎新太郎（栃　木・85期）、阿久津　修（栃　木・88期）、安達　隆己（栃　木・117期）,-,中川　幸一（栃　木・44期）,安達　隆己（栃　木・117期）,-,1,あげパン,-
中島　詩音,15521,119期,関東,-,山梨県,逃,1998/1/20,-,堀江　省吾（長　野・119期）、谷口　力也（熊　本・119期）、志田　龍星（岐　阜・119期）、田川　翔琉（熊　本・119期）、渡口　勝成（山　口・119期）、桑名　僚也（埼　玉・119期）、近藤　翔馬（愛　媛・119期）、小原丈一郎（青　森・115期）、貝原　涼太（栃　木・125期）,城　幸弘（山　梨・96期）,山梨選手会,城　幸弘（山　梨・96期）,-,400m,2,いちご,なし
中嶋　宣成,15256,113期,関東,-,長野県,逃,1990/4/19,-,眞杉　匠（栃　木・113期）、小玉　勇一（埼　玉・113期）、真崎　章徳（佐　賀・113期）、福田　真平（愛　知・113期）、元砂　海人（奈　良・113期）,上原　龍（長　野・95期）,-,上原　龍（長　野・95期）,-,333m,2,ラーメン,-
中島　将尊,14991,105期,関東,西武園,東京都,両,1994/7/27,中島 義行(父60期・引退),-,-,-,吉松　賢二（群　馬・90期）,-,-,3,-,納豆
中園　和剛,14043,89期,九州,久留米,福岡県,追,1982/7/21,中園 朋亨(弟93期),-,梶山裕次郎（福　岡・87期）、田中　誠（福　岡・89期）、竹内　真一（福　岡・89期）,-,池尻　浩一（福　岡・63期）,-,-,2,-,-
中田　雄喜,14576,97期,北日本,いわき平,福島県,追,1987/4/18,-,-,飯野　祐太（福　島・90期）、平沼　由充（福　島・83期）、岡田　哲夫（福　島・92期）、小酒　大司（福　島・94期）,-,飯野　祐太（福　島・90期）,-,-,2,焼肉、パフェ,-
中西　大,15058,107期,近畿,和歌山,和歌山県,逃,1990/10/17,中西勇(125期),山岸　佳太（茨　城・107期）、小川　賢人（福　岡・103期）,-,-,池田　智毅（和歌山・68期）,張野　幸聖（和歌山・115期）,333m,１・３・９,肉､甘い物､ﾃﾞﾗｯｸｽｹｰｷの端､ﾃﾞｰﾂｼﾛｯﾌﾟ､ｵｰｶﾞﾆｯｸｽｲｰﾂ､塩,生野菜、パクチー、酢の物
中野　慎詞,15596,121期,北日本,-,岩手県,逃,1999/6/8,-,塩崎　隼秀（愛　媛・121期）、中釜　健次（大　阪・121期）、松本秀之慎（熊　本・121期）、中山遼太郎（熊　本・121期）、眞砂　英作（香　川・121期）、東矢　圭吾（熊　本・121期）,-,-,佐藤　友和（岩　手・88期）,-,400m,9,寿司、漬け物,なし
中村　圭志,13821,86期,九州,熊本,熊本県,追,1980/12/18,-,-,中村　健志（熊　本・96期）、園田　鉄兵（熊　本・93期）、谷口　力也（熊　本・119期）,-,奥羽　勲（熊　本・49期）,中山敬太郎（熊　本・100期）,-,１・４・５,深夜特急,特になし
中村　健志,14565,96期,九州,熊本,熊本県,追,1986/1/25,中村 雅仁(兄90期),-,中村　雅仁（熊　本・90期）、中村　圭志（熊　本・86期）、園田　鉄兵（熊　本・93期）、谷口　力也（熊　本・119期）,Ｇ－ＴＯＲＡ,中村　雅仁（熊　本・90期）,谷口　力也（熊　本・119期）,-,１・５・７,肉,とまと
中村　弘之輔,15083,109期,北日本,函館,北海道,両,1992/1/30,中村 敏之輔(兄91期),-,中村敏之輔（北海道・91期）,-,中村敏之輔（北海道・91期）,-,-,7,ラーメン,果物
中村　浩士,13252,79期,南関東,千葉,千葉県,追,1978/1/15,-,-,根田　空史（千　葉・94期）、岩本　俊介（千　葉・94期）、原田　亮太（千　葉・115期）、山本　紳貴（千　葉・107期）、田中　まい（千　葉・104期）、石井　寛子（東　京・104期）、山本　天平（千　葉・125期）,中村道場,吉田　昌弘（千　葉・65期）,植草　亮介（千　葉・90期）、根田　空史（千　葉・94期）、湯浅　大輔（千　葉・96期）、河上　陽一（千　葉・99期）、田畑茉利名（千　葉・102期）、原田　亮太（千　葉・115期）,-,1,くだもの,お漬物
中村　昌弘,13436,81期,中国,広島,広島県,追,1976/12/26,-,-,櫻井　宏智（広　島・72期）、市本　隆司（広　島・72期）,-,大久保義郎（広　島・57期）,-,500m,2,お好み焼、カレー、チョコレート,ビール
中村　隆生,15424,117期,関東,宇都宮,栃木県,逃,2000/6/16,小嶋康博（81期）,櫻井祐太郎（宮　城・117期）、枠元　一葵（福　井・117期）、内藤　久文（愛　知・117期）、土生　敦弘（大　阪・117期）,宮原　貴之（栃　木・67期）、神山　尚（栃　木・109期）、長島　大介（栃　木・96期）、岡田　泰地（栃　木・100期）、磯田　旭（栃　木・96期）、小池　千啓（栃　木・119期）、秋本耀太郎（栃　木・117期）、金子　幸央（栃　木・101期）,瀧深練習会,宮原　貴之（栃　木・67期）,-,400m,１・５・７・９,焼肉、ステーキ,ごぼう、なす
中本　匠栄,14635,97期,九州,熊本,熊本県,追,1987/4/10,-,-,倉岡慎太郎（熊　本・59期）、大窪　輝之（熊　本・72期）、吉成　晃一（熊　本・92期）、寺崎　祐樹（熊　本・97期）、上野　優太（熊　本・113期）、嘉永　泰斗（熊　本・113期）、兼本　将太（熊　本・117期）,-,小西浩一郎（熊　本・55期）,-,-,１・２,焼肉、寿司,-
長尾　拳太,14939,103期,中部,大垣,岐阜県,両,1993/6/15,-,北川大五郎（大　阪・103期）、石口　慶多（兵　庫・103期）、中井　俊亮（奈　良・103期）、渡辺福太郎（神奈川・103期）,冨岡　健一（岐　阜・64期）、山口　富生（岐　阜・68期）、若原　英伸（岐　阜・68期）、竹田　和幸（岐　阜・78期）、山田　隼司（岐　阜・91期）、松岡　篤哉（岐　阜・97期）、岡崎　祥伍（岐　阜・97期）、竹内　雄作（岐　阜・99期）、松岡晋乃介（岐　阜・109期）,北陽,水谷　雅樹（岐　阜・71期）,-,400m,3,-,果物
永澤　剛,14127,91期,北日本,-,青森県,追,1985/7/21,-,小野　大介（福　島・91期）,新山　将史（青　森・98期）、木村　弘（青　森・100期）、小原　佑太（青　森・115期）,八戸地区のみなさん,榊　敏晴（青　森・41期）,嵯峨昇喜郎（青　森・113期）、大川　剛（青　森・121期）,-,３・９,焼肉、焼鳥、馬肉、ジンギスカン,-
長島　大介,14507,96期,関東,宇都宮,栃木県,両,1989/6/24,-,-,幸田　光博（栃　木・67期）、齋藤　昌太（栃　木・93期）、神山　拓弥（栃　木・91期）,-,幸田　光博（栃　木・67期）,-,-,3,パスタ,梅干し
那須　久幸,12705,71期,九州,久留米,福岡県,追,1972/6/8,島村匠(甥111期),周藤　勲（佐　賀・71期）,-,田中誠グループ,井上　寿博（宮　崎・45期）,-,-,２・７,うに、イクラ、フォアグラ、キャビア、ハラミ,うなぎ
成清　貴之,12813,73期,南関東,千葉,千葉県,追,1973/12/17,成清謙二郎(弟90期)、成清龍之介(長男117期）,米澤　大輔（徳　島・73期）、中曽　直彦（千　葉・74期）、渡邉　晴智（静　岡・73期）,-,宮倉グループ､成清龍之介,田中　進（千　葉・36期）,成清龍之介（千　葉・117期）,-,1,寿司・焼肉・カレーライス・ラーメン,ブルーチーズ、くさや、ブリ
成田　和也,13917,88期,北日本,-,福島県,追,1979/2/25,成田 恭一(兄・94期・引退),-,-,-,佐藤　一朗（福　島・63期）,-,-,-,-,-
成松　春樹,14339,93期,九州,武雄,佐賀県,両,1986/3/26,成松 三十司(父41期・引退),-,-,-,成松三十司（佐　賀・41期）,真崎　章徳（佐　賀・113期）,-,7,辛い物,苦い物
南儀　拓海,15627,121期,中部,富山,富山県,逃,1998/12/23,-,梅崎　隆介（長　崎・121期）、加藤　将武（埼　玉・121期）、村田　祐樹（富　山・121期）,-,-,竹澤　浩司（富　山・90期）,-,400m,1,焼肉、家系ラーメン,キウイフルーツ、なす
南部　翔大,15825,125期,近畿,岸和田,大阪府,逃,2001/1/4,-,栗山　和樹（岐　阜・125期）、角　宗哉（山　口・125期）、高橋　舜（宮　城・125期）、中島　淳（埼　玉・125期）、松本　昂大（長　崎・125期）、谷内　健太（京　都・125期）、山本　天平（千　葉・125期）、秋末　蓮（兵　庫・125期）,-,-,多田　司（大　阪・51期）,-,333m,1,寿司・焼肉,-
新納　大輝,14958,103期,九州,-,鹿児島県,追,1989/9/29,-,-,前田　義和（鹿児島・94期）,黒虎グループ,前田　義和（鹿児島・94期）,-,400m,2,肉,レーズン
西岡　正一,13642,84期,近畿,和歌山,和歌山県,追,1977/4/11,-,-,-,-,中村　郁彦（和歌山・44期）,-,-,1,焼肉・寿司・カニ,らっきょう・みたらし団子
西岡　拓朗,14617,97期,中国,広島,広島県,追,1983/11/21,-,-,-,-,和田　誠吾（広　島・55期）,佐伯　辰哉（広　島・109期）,-,-,-,-
西田　雅志,13498,82期,中国,広島,広島県,追,1978/2/20,-,立花　成泰（岡　山・82期）、吉川　誠（神奈川・86期）、小玉　拓真（岡　山・98期）,-,-,鬼原　秀幸（広　島・34期）,中屋　庸（広　島・97期）,-,１・２,ラーメン・焼肉,ピーマン
西田　将士,15014,105期,九州,佐世保,長崎県,追,1983/10/14,-,-,江口　晃正（長　崎・75期）、米嶋　賢二（長　崎・77期）、荒井　崇博（長　崎・82期）、井上　昌己（長　崎・86期）、山口幸太郎（長　崎・99期）、船倉　卓郎（長　崎・99期）、平尾　一晃（長　崎・111期）、梅崎　隆介（長　崎・121期）,-,米嶋　賢二（長　崎・77期）,-,-,２・５,焼き肉,なすび
西田　優大,15731,123期,中国,広島,広島県,逃,1997/9/19,-,-,吉本　哲郎（広　島・84期）、竹内　翼（広　島・109期）、木村　幸希（広　島・109期）、船瀬　惇平（広　島・111期）、増田　仁（広　島・113期）、町田　太我（広　島・117期）、白井優太朗（広　島・119期）、黒瀬浩太郎（広　島・123期）、藤高　千恵（広　島・124期）,吉本グループ,吉本　哲郎（広　島・84期）,-,400m,1,肉、寿司,きのこ
西村　光太,14537,96期,中部,松阪,三重県,追,1986/3/17,-,久米　良（徳　島・96期）,-,-,萩原　操（三　重・51期）,-,400m,１・２,ハンバーグ,野菜
新田　康仁,12887,74期,南関東,静岡,静岡県,追,1974/3/8,-,-,-,-,-,内山　雅貴（静　岡・113期）、當銘　直美（愛　知・114期）、清水　彩那（静　岡・116期）、鈴木　陸来（静　岡・117期）、當銘沙恵美（愛　知・118期）,-,3,カステラ、あんこ,なす
新田　祐大,14054,90期,北日本,いわき平,福島県,両,1986/1/25,-,-,-,-,班目　秀雄（福　島・24期）,-,-,1,甘いもの,苦いもの
仁藤　秀,15442,117期,南関東,静岡,静岡県,両,1998/10/3,-,渡邉　直弥（静　岡・113期）、吉元　大生（静　岡・113期）、内山　雅貴（静　岡・113期）、和泉　尚吾（愛　媛・117期）、渡邉　雅也（静　岡・117期）、長田　龍拳（静　岡・117期）,深澤　伸介（静　岡・76期）、飯田　憲司（静　岡・96期）、渡邉　晴智（静　岡・73期）、渡邉　雄太（静　岡・105期）、石川　英昭（静　岡・75期）、菊池竣太朗（静　岡・111期）、山城　光央（静　岡・64期）、吉竹　尚城（静　岡・109期）、阿部　俊（静　岡・125期）、望月　湧世（静　岡・123期）,-,深澤　伸介（静　岡・76期）,-,400m,1,焼肉、寿司,マヨネーズ
根田　空史,14380,94期,南関東,千葉,千葉県,逃,1988/7/21,-,-,中村　浩士（千　葉・79期）、岩本　俊介（千　葉・94期）、原田　亮太（千　葉・115期）、山本　紳貴（千　葉・107期）、田中　まい（千　葉・104期）、山本　天平（千　葉・125期）,中村道場,中村　浩士（千　葉・79期）,-,-,7,ラーメン・そば・ギョウザ,マヨネーズ
根本　哲吏,14571,97期,北日本,-,秋田県,両,1986/2/15,-,-,-,秋田選手会,佐藤　朋也（秋　田・89期）,-,-,-,ラーメン・甘い物,-
野口　裕史,15169,111期,南関東,千葉,千葉県,逃,1983/5/3,-,染谷　幸喜（千　葉・111期）、内田　淳（千　葉・111期）、小林裕一朗（千　葉・111期）、中野　真吾（佐　賀・111期）、戸塚　涼介（埼　玉・111期）、寺沼　将彦（東　京・111期）、能代谷　元（神奈川・111期）、浜田　翔平（大　阪・111期）,武井　大介（千　葉・86期）、手嶋　靖（千　葉・67期）、吉澤　賢（千　葉・94期）、太刀川一成（千　葉・100期）、近藤　保（千　葉・95期）、藤田　大輔（千　葉・91期）、栗本　尚宗（千　葉・113期）,-,武井　大介（千　葉・86期）,五味田奈穂（千　葉・124期）,500m,5,肉・マグロ・パン,パクチー
野口　正則,15005,105期,近畿,奈良,奈良県,両,1990/8/28,-,-,-,-,武田　和也（奈　良・92期）,-,-,-,うどん,グリーンカレー
野崎　将史,15117,109期,中国,玉野,岡山県,両,1986/10/23,-,上原　直樹（岡　山・75期）,内藤　敦（岡　山・80期）、石坂　永伍（岡　山・93期）、滝本　泰行（岡　山・107期）、上原　直樹（岡　山・75期）,-,内藤　敦（岡　山・80期）,三木　健正（岡　山・125期）,-,9,寿司・焼肉,ブロッコリー
野田　源一,13387,81期,九州,久留米,福岡県,両,1978/12/11,-,-,-,-,山崎　幸悦（秋　田・33期）,-,-,1,フルーツ、サラダ,-
野中　祐志,14657,98期,関東,大宮,埼玉県,追,1987/5/13,-,-,-,-,小沼　良（埼　玉・68期）,-,-,２・９,ぎょうざの満州､山田うどん､るーぱん､ペペロンチーノ,長ネギ・生の玉ねぎ・ショウガ・パクチー
萩原　孝之,13328,80期,南関東,静岡,静岡県,追,1977/7/12,-,-,-,-,鈴木　伸一（静　岡・58期）,-,-,-,-,-
箱田　優樹,14641,98期,北日本,青森,青森県,追,1990/10/26,-,-,-,星道場,星　良信（青　森・28期）,-,-,1,ラーメン,-
橋本　宇宙,15744,123期,九州,武雄,佐賀県,逃,1999/9/23,橋本瑠偉(113期)品川啓司(63期),篠田　幸希（群　馬・123期）、出口謙一郎（岐　阜・123期）、平野　想真（愛　知・123期）、斉藤　樂（宮　城・123期）,-,-,小林　弘和（佐　賀・91期）,-,400m,3,寿司,-
橋本　壮史,15517,119期,関東,取手,茨城県,逃,1995/4/14,橋本豊（叔父55期）,上杉　嘉槻（福　井・119期）,横山　尚則（茨　城・100期）、朝倉　智仁（茨　城・115期）、遠藤　洋希（茨　城・115期）、木村　皆斗（茨　城・119期）、藤田　祐大（茨　城・125期）,横山グループ,横山　尚則（茨　城・100期）,-,400m,１・２・３,餅、エナジードリンク,鱈子
橋本　強,14038,89期,四国,松山,愛媛県,追,1984/12/18,橋本 勝弘(兄89期),-,-,-,伊藤　豊明（愛　媛・41期）,門田　凌（愛　媛・111期）、近藤　翔馬（愛　媛・119期）,-,-,焼肉・ラーメン,-
橋本　智昭,14714,99期,北日本,-,宮城県,逃,1982/9/3,-,-,松澤　敬輔（北海道・97期）、高橋　明久（宮　城・98期）,-,秋藤　徳雄（宮　城・56期）,-,-,１・９,チキンフィレサンド,レバー
橋本　優己,15449,117期,中部,大垣,岐阜県,逃,2000/1/5,橋本 大祐（80期）,-,橋本　大祐（岐　阜・80期）,-,橋本　大祐（岐　阜・80期）,-,400m,2,焼肉,-
橋本　凌汰,15545,119期,中国,玉野,岡山県,逃,2001/2/13,-,北川　大成（熊　本・119期）、木村　皆斗（茨　城・119期）、疋田　力也（愛　知・119期）,片山　智晴（岡　山・92期）,-,片山　智晴（岡　山・92期）,-,400m,1,焼肉,なす
橋本　瑠偉,15289,113期,関東,宇都宮,栃木県,逃,1995/3/16,品川 啓司（63期）、橋本宇宙(123期),眞杉　匠（栃　木・113期）、嘉永　泰斗（熊　本・113期）、ラモスレオ（沖　縄・113期）、樋口　開土（東　京・113期）、上野　優太（熊　本・113期）,荒井　崇博（長　崎・82期）、眞杉　匠（栃　木・113期）、秋本耀太郎（栃　木・117期）、幸田　望夢（栃　木・115期）、福田　滉（栃　木・115期）、藤野　竜也（栃　木・117期）、小池　千啓（栃　木・119期）,-,荒井　崇博（長　崎・82期）,-,400m,3,寿司、焼肉,すいか
長谷部　翔,15097,109期,南関東,伊東,静岡県,両,1994/8/27,-,-,-,伊東地区、沼津地区,鈴木太生雄（静　岡・58期）,-,-,1,アイス、チョコレート,牡蠣、レバー
長谷部　龍一,15450,117期,中部,岐阜,岐阜県,逃,1996/6/25,-,上川　直紀（栃　木・117期）、兼本　将太（熊　本・117期）、鈴木　玄人（東　京・117期）、松本　一志（宮　崎・117期）、石原　颯（香　川・117期）,-,-,宝満　大作（岐　阜・85期）,-,400m,３・９,生クリーム,わさび
畑段　嵐士,15004,105期,近畿,向日町,京都府,追,1990/10/12,-,-,-,-,武田　哲二（京　都・65期）,徳田　匠（京　都・119期）,-,１・５・９,-,-
治田　知也,15614,121期,関東,弥彦,新潟県,逃,1998/6/10,-,田代　匠（福　岡・121期）、比佐　宝太（福　島・121期）,滝本　幸正（新　潟・121期）、小榑　佑弥（群　馬・121期）、舟山　佑京（新　潟・113期）、片桐　善也（新　潟・117期）、邊見　祐太（新　潟・119期）,-,加瀬加奈子（新　潟・102期）,-,400m,1,ラーメン,なし
花田　将司,14710,99期,南関東,千葉,千葉県,両,1986/10/10,-,相澤　政宏（宮　城・99期）,宮倉　勇（千　葉・58期）、成清　貴之（千　葉・73期）、中曽　直彦（千　葉・74期）、山賀　雅仁（千　葉・87期）、小埜　正義（千　葉・88期）、森田　達也（福　島・88期）、大関　祐也（千　葉・107期）、内藤　宣彦（秋　田・67期）,-,藪下　昌也（北海道・52期）,-,-,１・２,カレーライス,芽キャベツ
土生　敦弘,15461,117期,近畿,岸和田,大阪府,逃,1999/2/8,-,山川　奨太（熊　本・117期）、小松原正登（福　井・117期）、中村　泰輔（和歌山・117期）、上川　直紀（栃　木・117期）、中村　隆生（栃　木・117期）、谷元　奎心（山　口・117期）、北川　大成（熊　本・119期）,大石　崇晴（大　阪・109期）、佐山　寛明（奈　良・113期）、栗山　俊介（奈　良・103期）,佐山会,神田　紘輔（大　阪・100期）,-,333m,４・９,桔梗信玄餅､冷麺､たかちよ、大石さんと食べる麻婆豆腐,甲殻類、菌類、貝､殻が混入した卵料理
濱田　浩司,13442,81期,四国,-,愛媛県,追,1979/1/24,-,加藤　慎平（岐　阜・81期）、長塚　智広（茨　城・81期）、伊勢崎彰大（千　葉・81期）,日野　博幸（愛　媛・103期）、松本　貴治（愛　媛・111期）,-,岡　正人（愛　媛・63期）,日野　博幸（愛　媛・103期）、松本　貴治（愛　媛・111期）、塩崎　隼秀（愛　媛・121期）,-,３・７,寿司・沖縄料理,-
早坂　秀悟,14051,90期,関東,取手,茨城県,逃,1986/1/22,早坂 悟(父49期・引退),古屋　琢晶（山　梨・90期）、伊原　弘幸（福　井・90期）、小川　賢人（福　岡・103期）,-,-,相原　健樹（宮　城・51期）,-,400m,-,焼肉、あんこ、コーヒー,さば
林　慶次郎,15207,111期,九州,小倉,福岡県,逃,1997/6/9,林 雄幸（祖父期前・引退）林 一郎（叔父46期・引退）林 孝成（父59期・引退）林 大悟（兄109期）林 昴（119期）,小森　貴大（福　井・111期）、今野　大輔（岡　山・111期）、川越　勇星（神奈川・111期）、布居　大地（和歌山・111期）,林　大悟（福　岡・109期）、中井　大介（福　岡・65期）、林　昴（福　岡・119期）,-,林　孝成（福　岡・59期）,-,400m,2,チョコレート・和菓子・肉,しいたけ・ヤングコーン
林　敬宏,15446,117期,中部,名古屋,愛知県,逃,1991/9/17,-,内藤　久文（愛　知・117期）、中村　泰輔（和歌山・117期）,山田　圭二（愛　知・70期）、太田黒真也（愛　知・85期）、山内　卓也（愛　知・77期）、猪俣　康一（愛　知・99期）、小塚　潤（愛　知・86期）、猪子　真実（愛　知・104期）、山田　哲也（愛　知・99期）、桜井　雄太（愛　知・100期）,一宮競輪場グループ,山内　卓也（愛　知・77期）,-,400m,1,ステーキ,グリーンピース
林　大悟,15129,109期,九州,小倉,福岡県,逃,1995/5/15,林 雄幸(祖父期前・引退)林 孝成(父59期・引退)林 一郎(伯父46期・引退)林 慶次郎(兄弟111期）林昴(兄弟119期),-,中井　大介（福　岡・65期）、勝部　貴博（福　岡・105期）、林　慶次郎（福　岡・111期）、林　昴（福　岡・119期）,-,林　孝成（福　岡・59期）,-,-,7,カレー、コーヒー,特になし
原　大智,15418,117期,北日本,-,宮城県,逃,1997/3/4,-,田　典幸（熊　本・117期）、枠元　一葵（福　井・117期）,櫻井祐太郎（宮　城・117期）、和田　圭（宮　城・92期）、福田　健太（宮　城・125期）,-,和田　圭（宮　城・92期）,-,400m,3,甘い物,-
原　誠宏,14188,91期,四国,高松,香川県,追,1985/7/20,-,-,池田　憲昭（香　川・90期）、蓮井　祐輝（香　川・93期）、森安　崇之（香　川・84期）、宮崎　康司（香　川・94期）、戸田　康平（香　川・101期）、清水　邦章（香　川・68期）、吉田　周司（香　川・70期）,-,堀田　耕市（香　川・61期）,-,-,2,焼肉・すし,なし
原井　博斗,15383,115期,九州,久留米,福岡県,追,1995/12/9,原井剣也(119期),南　蓮（和歌山・115期）、阪本　和也（長　崎・115期）、野上　竜太（岡　山・115期）、星野　洋輝（福　島・115期）,-,-,古閑　良介（福　岡・73期）,-,400m,-,-,-
原口　昌平,15066,107期,九州,小倉,福岡県,両,1993/2/6,-,-,八尋　英輔（福　岡・89期）、矢田　晋（福　岡・94期）、坂本　亮馬（福　岡・90期）、津村洸次郎（福　岡・101期）、渡邉　豪大（福　岡・107期）、川野　深（福　岡・119期）、津村洸次郎（福　岡・101期）、小竹　洋平（福　岡・97期）、楢原　由将（福　岡・94期）、田代　匠（福　岡・121期）,-,八尋　英輔（福　岡・89期）,-,400m,1,焼き肉、ラーメン,キュウリ
原田　研太朗,14682,98期,四国,小松島,徳島県,逃,1990/9/16,-,志村　龍己（山　梨・98期）、駒場　智城（福　島・98期）、村上　皇（青　森・98期）、小川真太郎（徳　島・107期）,室井　健一（徳　島・69期）、小倉　竜二（徳　島・77期）、山本　宏明（徳　島・83期）、佐竹　和也（徳　島・83期）、松本　卓也（徳　島・98期）、島川　将貴（徳　島・109期）,室井国グループ,下川　健治（徳　島・57期）,-,333m,１・２・３,肉,エビ
原田　翔真,15630,121期,近畿,和歌山,和歌山県,逃,2000/10/10,原田 隆(77期),長谷川飛向（東　京・121期）,-,バンク,原田　隆（大　阪・77期）,-,400m,1,寿司,なす
原田　亮太,15352,115期,南関東,千葉,千葉県,逃,1996/7/6,-,下野　義城（愛　媛・115期）、坂井　洋（栃　木・115期）、松坂　侑亮（神奈川・115期）、杉浦　侑吾（栃　木・115期）,中村　浩士（千　葉・79期）、根田　空史（千　葉・94期）、鈴木　裕（千　葉・92期）、岩本　俊介（千　葉・94期）、齋藤　宗徳（千　葉・100期）、内田　淳（千　葉・111期）、田中　まい（千　葉・104期）、山本　紳貴（千　葉・107期）、山本　天平（千　葉・125期）,中村道場,中村　浩士（千　葉・79期）,-,500m,３・４,カレーライス,パクチー
東　龍之介,14523,96期,南関東,川崎,神奈川県,追,1990/1/13,東 晃(父45期・引退),松谷　秀幸（神奈川・96期）、高橋　佑輔（神奈川・96期）、小島　歩（神奈川・97期）,松谷　秀幸（神奈川・96期）,-,東　晃（神奈川・45期）,中村　美那（神奈川・118期）、齋藤　雄行（神奈川・121期）,-,１・２・３,-,-
東口　善朋,13730,85期,近畿,和歌山,和歌山県,追,1979/8/28,-,加藤　圭一（神奈川・85期）、筒井　敦史（岡　山・85期）,-,-,西野　卓也（和歌山・44期）,-,-,3,魚・肉,特になし
疋田　力也,15536,119期,中部,名古屋,愛知県,両,2001/3/26,疋田敏(父59期),北川　大成（熊　本・119期）、橋本　凌汰（岡　山・119期）、田口　勇介（秋　田・119期）、阿部　龍也（山　口・119期）,疋田　敏（愛　知・59期）、三浦　稔希（愛　知・76期）、水谷　将司（愛　知・105期）、桜井　雄太（愛　知・100期）,-,疋田　敏（愛　知・59期）,-,400m,1,肉、甘いもの,-
比佐　宝太,15602,121期,北日本,いわき平,福島県,逃,2001/2/10,-,安倍　大成（埼　玉・121期）、村田　祐樹（富　山・121期）、添田　龍児（神奈川・121期）、田代　匠（福　岡・121期）、野崎　翼（岐　阜・121期）,山崎　芳仁（福　島・88期）、山崎　司（福　島・95期）、佐藤　康恭（福　島・94期）,-,山崎　芳仁（福　島・88期）,-,400m,３・９,馬刺し,ナス
久田　朔,15826,125期,近畿,岸和田,大阪府,逃,2003/9/5,-,南部　翔大（大　阪・125期）、船山　真生（愛　媛・125期）、中石　湊（北海道・125期）、入田　龍馬（鹿児島・125期）,仲野　結音（大　阪・117期）、南部　翔大（大　阪・125期）、中嶋　樹（大　阪・119期）、中嶋　響（大　阪・125期）、藤原　夏志（大　阪・125期）,-,肥後　尚己（大　阪・83期）,-,400m,9,牛肉､ｽﾊﾟｹﾞﾃｨ､ｻｰﾓﾝ､ﾏｸﾞﾛ,ひじき、海藻類、かぼちゃ
久田　裕也,15466,117期,四国,小松島,徳島県,逃,1999/10/14,-,松岡　辰泰（熊　本・117期）、小浦　凪（岐　阜・117期）、青柳　靖起（佐　賀・117期）、緒方　将樹（熊　本・117期）、太田　龍希（埼　玉・117期）,山本　宏明（徳　島・83期）、田村　裕也（徳　島・113期）、蒋野　翔太（徳　島・115期）、太田　竜馬（徳　島・109期）、岩原紗也香（徳　島・118期）,-,山本　宏明（徳　島・83期）,-,400m,-,焼肉,なし
菱田　浩二,14604,97期,近畿,向日町,京都府,逃,1989/1/23,-,佐野　洋継（京　都・97期）,岩崎　稔（京　都・81期）,-,岩崎　稔（京　都・81期）,-,-,１・９,ラーメン,トマト
日高　裕太,15619,121期,南関東,静岡,静岡県,逃,2002/4/26,-,太田　海也（岡　山・121期）、坂田　康季（佐　賀・121期）、齋藤　雄行（神奈川・121期）、長谷川飛向（東　京・121期）、真鍋　顕汰（三　重・121期）、松本秀之慎（熊　本・121期）、中山遼太郎（熊　本・121期）、添田　龍児（神奈川・121期）、五十嵐　綾（福　島・121期）,鈴木　良太（静　岡・86期）、石橋慎太郎（静　岡・88期）、櫻井　丈（静　岡・89期）,鈴木一家,鈴木　良太（静　岡・86期）,-,400m,１・３・９,白いご飯、和菓子全般、いちご,ところてん、葉生姜
平尾　一晃,15211,111期,九州,佐世保,長崎県,逃,1996/7/29,平尾　昌也（58期）,門田　凌（愛　媛・111期）、田尾　駿介（高　知・111期）、下岡　将也（三　重・111期）,荒井　崇博（長　崎・82期）、井上　昌己（長　崎・86期）、山口幸太郎（長　崎・99期）、船倉　卓郎（長　崎・99期）、西田　将士（長　崎・105期）、山崎　賢人（長　崎・111期）、井手　健（長　崎・79期）、松尾　誠（長　崎・80期）、江口　晃正（長　崎・75期）,諫早干拓道場と平尾道場,井上　昌己（長　崎・86期）,-,333m,2,肉、プロテイン、卵,プロテインバー
平野　想真,15715,123期,中部,名古屋,愛知県,逃,1999/4/25,-,-,伊藤　正樹（愛　知・71期）、朝日　勇（愛　知・74期）、宮司　周郎（愛　知・82期）,池面グループ,伊藤　正樹（愛　知・71期）,-,400m,2,焼肉,-
平原　啓多,14582,97期,関東,西武園,埼玉県,追,1985/1/14,平原 康廣(父28期・引退)平原 康多(兄87期),久木原　洋（埼　玉・97期）,-,-,平原　康多（埼　玉・87期）,-,-,2,ハンバーガー,-
晝田　宗一郎,15373,115期,中国,玉野,岡山県,逃,1999/4/17,-,-,-,-,柏野　智典（岡　山・88期）,-,400m,1,焼肉,なし
昼田　達哉,15638,121期,中国,玉野,岡山県,逃,1998/10/20,-,中野　慎詞（岩　手・121期）、矢部　駿人（岡　山・121期）,片山　智晴（岡　山・92期）,-,片山　智晴（岡　山・92期）,-,400m,１・３・７,焼肉、刺身、スイーツ,メロン、チーズケーキ
深谷　知広,14534,96期,南関東,静岡,静岡県,逃,1990/1/3,-,-,-,-,金子　貴志（愛　知・75期）,-,-,-,肉,バナナ
蕗澤　鴻太郎,15162,111期,関東,前橋,群馬県,逃,1995/5/6,-,格清　洋介（静　岡・111期）、船瀬　惇平（広　島・111期）、山崎　賢人（長　崎・111期）、鮫島　康治（大　阪・111期）、谷口　幸司（高　知・111期）、高橋　大輝（秋　田・111期）、皿屋　豊（三　重・111期）、能代谷　元（神奈川・111期）、白濱　一平（長　崎・111期）、中野　雄喜（京　都・111期）,天田　裕輝（群　馬・91期）、金子　真也（群　馬・69期）、三好恵一郎（群　馬・99期）、小林　泰正（群　馬・113期）、中島　将尊（東　京・105期）、佐々木悠葵（群　馬・115期）,-,高橋　俊英（群　馬・93期）,-,400m,2,冷やし中華・ココナッツチキンカレー,セロリ
福島　栄一,14326,93期,四国,高松,香川県,追,1984/1/5,福島 武士(弟96期),-,-,-,児玉慎一郎（香　川・76期）,-,-,1,-,-
福島　武士,14552,96期,四国,高松,香川県,追,1985/11/20,福島 栄一(兄93期),-,児玉慎一郎（香　川・76期）、大林　亮介（香　川・86期）、福島　栄一（香　川・93期）、上野　雅彦（香　川・119期）、田野口佳奈（香　川・126期）、木村　浩宣（香　川・97期）、遠藤　拓巳（香　川・125期）、佐々木英之（香　川・78期）、網谷　竜次（香　川・91期）,-,児玉慎一郎（香　川・76期）,上野　雅彦（香　川・119期）、田野口佳奈（香　川・126期）,-,１・２・３,もち,こんにゃく
福田　稔希,15794,125期,関東,宇都宮,栃木県,逃,2002/11/21,-,志田愛希飛（富　山・125期）、岩元　叶馬（富　山・125期）、伊東　佑晟（三　重・125期）、岩井　芯（岐　阜・125期）,-,-,山口　貴弘（栃　木・84期）,-,500m,1,餅,-
福田　知也,13945,88期,南関東,川崎,神奈川県,追,1982/8/29,-,大西　健士（神奈川・88期）、内山　拓（福　岡・88期）、手島　達矢（群　馬・88期）,中村　美那（神奈川・118期）、大浦　彩瑛（神奈川・126期）,-,吉田　晴行（神奈川・59期）,大浦　彩瑛（神奈川・126期）,-,2,焼肉,ピーマン
福田　滉,15342,115期,関東,宇都宮,栃木県,追,1999/7/5,福田 拓也（100期）、福田 礼佳（108期）,眞杉　匠（栃　木・113期）、幸田　望夢（栃　木・115期）、坂井　洋（栃　木・115期）、宮崎　大空（熊　本・115期）、安達　隆己（栃　木・117期）、照井　拓成（岩　手・115期）、岡田　泰地（栃　木・100期）,眞杉　匠（栃　木・113期）、幸田　望夢（栃　木・115期）、坂井　洋（栃　木・115期）、福田　拓也（栃　木・100期）、中村　隆生（栃　木・117期）、秋本耀太郎（栃　木・117期）、藤野　竜也（栃　木・117期）、橋本　瑠偉（栃　木・113期）、磯田　旭（栃　木・96期）,-,福田　拓也（栃　木・100期）,-,400m,１・２・５,山岡家特製みそチャーシュー大盛、武丸ラーメン,漬物、生もの
福永　大智,15274,113期,近畿,岸和田,大阪府,逃,1998/5/20,-,伊藤　歩登（兵　庫・113期）、吉元　大生（静　岡・113期）、森田　優弥（埼　玉・113期）、嵯峨昇喜郎（青　森・113期）、山田　諒（岐　阜・113期）、眞杉　匠（栃　木・113期）,-,阪奈グループ,佐川　翔吾（大　阪・94期）,-,-,１・２・３,寿司、ラーメン,なし
伏見　俊昭,12939,75期,北日本,松阪,福島県,追,1976/2/4,-,-,相良　勝美（福　島・70期）、岩見　潤（三　重・71期）、小西　誠也（三　重・80期）、鮒田　博文（三　重・79期）,-,班目　秀雄（福　島・24期）,渡辺　雄太（福　島・100期）,-,3,焼肉,-
藤井　昭吾,14757,99期,近畿,大津,滋賀県,両,1986/5/4,-,-,仙石　淳（沖　縄・73期）,-,松山裕一朗（滋　賀・75期）,-,-,-,パスタ,トマト・イチゴ
藤岡　隆治,14683,98期,四国,小松島,徳島県,追,1976/3/10,城戸俊潔（甥115期）,-,-,-,-,-,-,-,-,-
藤田　周磨,15428,117期,関東,大宮,埼玉県,逃,1997/7/14,藤田まりあ（116期・妹）,戸邉　捺希（埼　玉・117期）、秋本耀太郎（栃　木・117期）、石原　颯（香　川・117期）、太田　龍希（埼　玉・117期）、山田　雄大（埼　玉・117期）、小松原正登（福　井・117期）、桑名　僚也（埼　玉・119期）,山信田　学（埼　玉・83期）、森田　優弥（埼　玉・113期）、近藤　圭佑（埼　玉・121期）、中山　拓人（埼　玉・121期）、山口　多聞（埼　玉・121期）,見沼グループ,稲垣　勝弘（埼　玉・46期）,-,400m,3,ポワレ,パサパサしたやつ
藤田　勝也,14398,94期,近畿,和歌山,和歌山県,追,1988/7/8,-,山本　奨（岡　山・94期）、石坂　順秀（群　馬・94期）、角口　聖也（千　葉・94期）、宮崎　康司（香　川・94期）,-,-,西野　卓也（和歌山・44期）,-,-,-,-,-
藤根　俊貴,15236,113期,北日本,-,岩手県,逃,1995/2/11,-,-,佐藤　友和（岩　手・88期）、佐藤　博紀（岩　手・96期）、高木　翔（岩　手・105期）、後藤　悠（岩　手・115期）、照井　拓成（岩　手・115期）、小笠原　光（岩　手・117期）,紫波グループ,佐藤　友和（岩　手・88期）,-,333m,１・２・３,-,-
藤原　憲征,13693,85期,関東,弥彦,新潟県,追,1979/7/31,藤原 実(父26期・引退)藤原 亜衣里(妹102期)藤川 浩平(義兄87期・引退),-,-,弥彦競輪場グループ,藤原　実（新　潟・26期）,本間　慎吾（新　潟・91期）、中川　諒子（熊　本・102期）、藤原亜衣里（新　潟・102期）,-,2,-,-
藤原　誠,12519,69期,中部,岐阜,岐阜県,追,1972/4/29,浅井 雄三(義弟79期),-,松尾　淳（岐　阜・77期）、不破　将登（岐　阜・94期）、藤井　準也（岐　阜・105期）、宮地　寧々（岐　阜・110期）、藤井　稜也（岐　阜・115期）、野崎　翼（岐　阜・121期）,-,木田　幸雄（岐　阜・19期）,北村　篤（岐　阜・94期）、川口公太朗（岐　阜・98期）、吉田　茂生（岐　阜・98期）、川口　聖二（岐　阜・103期）、藤井　準也（岐　阜・105期）、宮地　寧々（岐　阜・110期）、藤井　稜也（岐　阜・115期）,-,4,鬼まんじゅう,辛すぎるトムヤムクン
古川　尚耶,14221,92期,関東,宇都宮,栃木県,追,1985/8/9,-,藤野　竜也（栃　木・117期）、神山　尚（栃　木・109期）,矢野　昌彦（栃　木・91期）、神山　拓弥（栃　木・91期）、中川　貴徳（栃　木・91期）、高塩　讓次（栃　木・90期）、川上　隆義（栃　木・125期）,-,瀧深　一彦（栃　木・40期）,川上　隆義（栃　木・125期）,-,9,寿司・焼肉,-
不破　将登,14394,94期,中部,大垣,岐阜県,両,1988/8/9,-,-,-,-,加藤　慎平（岐　阜・81期）,長屋　秀明（岐　阜・117期）,-,-,カラアゲ,出会った事がない
邊見　光輝,15595,119期,北日本,いわき平,福島県,逃,2002/3/1,金澤幸司（91期）、金澤竜二（91期）,大高　彰馬（福　島・119期）、菅野　航基（宮　城・119期）、林　昌幸（愛　媛・119期）、田口　勇介（秋　田・119期）,金澤　幸司（福　島・91期）、金澤　竜二（福　島・91期）、須永　優太（福　島・94期）、須永　勝太（福　島・98期）、邊見　斎（福　島・92期）、関根　彰人（沖　縄・94期）、星野　洋輝（福　島・115期）,-,金澤　幸司（福　島・91期）,-,400m,2,肉,トマト
保科　千春,14796,100期,北日本,-,宮城県,追,1991/10/17,-,佐藤　雅春（宮　城・94期）、竹山　慶太（宮　城・105期）,太田　貴之（宮　城・88期）、阿部　英光（宮　城・89期）、安部　貴之（宮　城・92期）、山崎　将幸（宮　城・92期）、阿部　力也（宮　城・100期）、會澤　龍（宮　城・105期）、佐藤　雅春（宮　城・94期）、鈴木　裕斗（宮　城・99期）、太田　将成（宮　城・113期）、菅田　壱道（宮　城・91期）,-,秋藤　徳雄（宮　城・56期）,-,500m,４・６・８,肉、刺身,野菜、メロン、スイカ
星野　洋輝,15328,115期,北日本,いわき平,福島県,追,2000/2/3,-,佐々木悠葵（群　馬・115期）、松坂　侑亮（神奈川・115期）、南　蓮（和歌山・115期）、張野　幸聖（和歌山・115期）、田上　晃也（岡　山・115期）、竹元　健竜（福　岡・115期）、伊藤　颯馬（沖　縄・115期）、阪本　和也（長　崎・115期）、小原丈一郎（青　森・115期）,須永　優太（福　島・94期）、須永　勝太（福　島・98期）、小谷田公則（福　島・88期）、金澤　幸司（福　島・91期）、金澤　竜二（福　島・91期）、関根　彰人（沖　縄・94期）、邊見　斎（福　島・92期）、邊見　光輝（福　島・119期）、角田　光（福　島・125期）,-,須永　優太（福　島・94期）,-,-,-,肉、甘い物,野菜、苦い物
堀内　俊介,15050,107期,南関東,川崎,神奈川県,両,1990/1/17,-,-,-,-,三住　博昭（神奈川・61期）,-,-,-,-,-
堀江　省吾,15522,119期,関東,-,長野県,逃,1997/3/6,-,小池　千啓（栃　木・119期）、中島　詩音（山　梨・119期）、志田　龍星（岐　阜・119期）、鈴木　浩太（千　葉・119期）,柿澤　大貴（長　野・97期）,-,柿澤　大貴（長　野・97期）,-,400m,3,ハンバーグ、カレー、シチュー、海ぶどう,なし
堀川　敬太郎,15741,123期,九州,久留米,福岡県,逃,2001/9/28,-,丸林　駿太（福　岡・123期）、楠本　政明（福　岡・123期）,藤田　剣次（福　岡・85期）,-,藤田　剣次（福　岡・85期）,-,400m,2,蕎麦、オレンジ、みかん,椎茸、ナス
本郷　雄三,14786,99期,九州,熊本,熊本県,両,1988/7/26,-,-,-,甲佐グループ,-,-,-,１・２・３,焼き肉,-
房州　輝也,14137,91期,北日本,いわき平,福島県,両,1986/6/26,房州 俊一(叔父47期・引退),小酒　大司（福　島・94期）、佐藤　康恭（福　島・94期）,佐藤　一伸（福　島・94期）、渡辺　正光（福　島・95期）、渡邉　正人（福　島・100期）、坂本　拓也（福　島・111期）、佐伯　翔（福　島・97期）,-,房州　俊一（福　島・47期）,坂本　拓也（福　島・111期）,-,1,肉・麺類,酢の物・納豆
牧　剛央,13368,80期,九州,別府,大分県,追,1973/10/18,-,丸林　一孝（福　岡・81期）、中村　良二（福　岡・81期）、八尋　英輔（福　岡・89期）、田中　弘章（福　岡・68期）,-,-,案浦　攻（福　岡・65期）,-,-,1,焼肉、寿司、天ぷら,-
蒔田　英彦,14298,93期,南関東,千葉,千葉県,両,1983/4/5,-,藤田　大輔（千　葉・91期）、近藤　隆司（千　葉・90期）、齋藤　輝彦（神奈川・93期）、山本　健也（千　葉・89期）、須藤　雄太（千　葉・89期）、齋藤　宗徳（千　葉・100期）,藤田　大輔（千　葉・91期）、田中　勝仁（千　葉・93期）、近藤　隆司（千　葉・90期）、齋藤　輝彦（神奈川・93期）、山本　健也（千　葉・89期）、須藤　雄太（千　葉・89期）,若州グループ,斉藤　和徳（千　葉・62期）,-,-,１・２・４・６・８,寿司・焼肉・フランス料理・イタリア料理・中華料理,ブロッコリー・カキ
牧田　悠生,15703,123期,関東,弥彦,新潟県,逃,1999/7/8,-,平野　想真（愛　知・123期）、丸林　駿太（福　岡・123期）、楠本　政明（福　岡・123期）、中岡　海（愛　媛・123期）、下岡　将也（三　重・111期）,舟山　佑京（新　潟・113期）、片桐　善也（新　潟・117期）、邊見　祐太（新　潟・119期）、治田　知也（新　潟・121期）、滝本　幸正（新　潟・121期）、小榑　佑弥（群　馬・121期）,-,佐藤　政利（新　潟・91期）,-,400m,-,寿司,サーモンとアボカドの和え物
真崎　新太郎,13679,85期,関東,宇都宮,栃木県,追,1978/12/13,-,佐藤　有輝（神奈川・85期）、榊原　洋（岡　山・85期）、荒澤　貴史（北海道・85期）、岡本　英之（千　葉・85期）,飯嶋　則之（栃　木・81期）、阿久津　修（栃　木・88期）、高塩　讓次（栃　木・90期）、中川　貴徳（栃　木・91期）、安達　隆己（栃　木・117期）、雨谷　一樹（栃　木・96期）,-,深井　美照（栃　木・33期）,-,-,３・６,すし・焼肉・メロン,わらび・パクチー
眞杉　匠,15242,113期,関東,宇都宮,栃木県,逃,1999/2/1,-,橋本　瑠偉（栃　木・113期）、磯川　勝裕（東　京・113期）、小林　泰正（群　馬・113期）、小玉　勇一（埼　玉・113期）、中嶋　宣成（長　野・113期）、中釜　章成（大　阪・113期）、森田　優弥（埼　玉・113期）、樋口　開土（東　京・113期）,金子　幸央（栃　木・101期）、隅田　洋介（岡　山・107期）、神山　尚（栃　木・109期）、磯田　旭（栃　木・96期）、秋本耀太郎（栃　木・117期）、坂井　洋（栃　木・115期）、福田　滉（栃　木・115期）、幸田　望夢（栃　木・115期）,瀧深グループ,小田倉勇二（埼　玉・91期）,-,400m,1,寿司、焼き肉,アーモンド、ピーナッツ
増原　正人,14680,98期,中国,広島,広島県,両,1983/5/30,-,西岡　拓朗（広　島・97期）、東矢　昇太（熊　本・98期）、角　令央奈（福　岡・98期）、志村　龍己（山　梨・98期）,西岡　拓朗（広　島・97期）,-,和田　誠吾（広　島・55期）,-,-,2,肉,-
町田　太我,15464,117期,中国,広島,広島県,逃,2000/7/8,-,仲野　結音（大　阪・117期）、犬塚　貴之（愛　知・117期）、谷元　奎心（山　口・117期）,吉本　哲郎（広　島・84期）、竹内　翼（広　島・109期）、木村　幸希（広　島・109期）、船瀬　惇平（広　島・111期）、増田　仁（広　島・113期）、白井優太朗（広　島・119期）、石原　颯（香　川・117期）、西田　優大（広　島・123期）、黒瀬浩太郎（広　島・123期）,吉本グループ,吉本　哲郎（広　島・84期）,-,400m,1,母の作った肉詰めピーマン,明太子、たらこ、かずのこ、キャビア
松井　宏佑,15261,113期,南関東,平塚,神奈川県,逃,1992/9/24,-,-,松坂　洋平（神奈川・89期）、柴田功一郎（神奈川・79期）、武田　憲祐（神奈川・93期）、山下　貴之（神奈川・85期）、鈴木　愼二（神奈川・74期）、遠澤　健二（神奈川・57期）、加藤　圭一（神奈川・85期）,平塚朝練グループ,三ツ井　勉（神奈川・45期）,-,400m,-,お肉,-
松浦　悠士,14681,98期,中国,広島,広島県,両,1990/11/21,-,-,脇田　良雄（広　島・66期）、大川　龍二（広　島・91期）、細川　貴史（広　島・87期）、隅田　幸助（広　島・91期）,西条グループ,脇田　良雄（広　島・66期）,池川　瑠威（広　島・115期）,-,1,-,-
松尾　信太郎,14264,92期,九州,小倉,福岡県,追,1983/5/7,松尾 透(弟96期),-,小川　勇介（福　岡・90期）、永田　隼一（福　岡・95期）、園田　匠（福　岡・87期）、市橋司優人（福　岡・103期）、嶋田　誠也（福　岡・109期）、岩谷　拓磨（福　岡・115期）、阿部　英斗（福　岡・125期）、松本　定（福　岡・125期）,-,園田　匠（福　岡・87期）,-,333m,１・３・９,寿司・肉,メロン
松尾　透,14558,96期,九州,小倉,福岡県,追,1985/4/2,松尾 信太郎(兄92期),樫山　恭柄（福　岡・92期）、飯田　裕次（福　岡・97期）、是永　幸寛（福　岡・94期）,樫山　恭柄（福　岡・92期）、山田　浩一（福　岡・59期）,山田組、樫山組,小笠原秀樹（福　岡・80期）,-,333m,１・３・７・９,ラーメン,-
松尾　勇吾,15388,115期,九州,熊本,熊本県,追,1998/12/1,松尾 正人（66期）,伊藤　奎（福　島・115期）、池川　瑠威（広　島・115期）、外田　心斗（愛　媛・115期）、谷　和也（大　阪・115期）、照井　拓成（岩　手・115期）,松川　高大（熊　本・94期）、本郷　雄三（熊　本・99期）、瓜生　崇智（熊　本・109期）、境　啓亨（熊　本・111期）、曽我　圭佑（熊　本・113期）、島田　竜二（熊　本・76期）,松川グループ,松尾　正人（熊　本・66期）,-,400m,2,カレー、焼肉,スイカ、メロン
松岡　篤哉,14599,97期,中部,大垣,岐阜県,両,1982/6/28,-,-,山口　富生（岐　阜・68期）、冨岡　健一（岐　阜・64期）、岡崎　祥伍（岐　阜・97期）、竹内　雄作（岐　阜・99期）、板橋　慎治（岐　阜・95期）、山口　聖矢（岐　阜・115期）、山口　拳矢（岐　阜・117期）、松岡晋乃介（岐　阜・109期）、長尾　拳太（岐　阜・103期）,北陽グループ,山口　富生（岐　阜・68期）,栗山　和樹（岐　阜・125期）,-,１・２・９,寿司・ハンバーグ,きゅうり・スイカ
松岡　健介,13878,87期,近畿,-,兵庫県,両,1978/5/11,-,-,-,-,西尾　泰照（兵　庫・71期）,-,-,1,-,-
松岡　孔明,14199,91期,九州,熊本,熊本県,両,1982/4/14,松岡 博司(父33期・引退)松岡 貴久(弟90期)松岡 孝高(弟98期),-,松岡　貴久（熊　本・90期）,-,松岡　博司（熊　本・33期）,-,-,1,-,トマト
松岡　貴久,14122,90期,九州,熊本,熊本県,追,1984/5/27,松岡 博司(父33期・引退)松岡 孔明(兄91期)松岡 孝高(弟98期),-,-,-,松岡　博司（熊　本・33期）,-,-,１・３,生もの,ベジタボー
松岡　辰泰,15479,117期,九州,熊本,熊本県,逃,1996/8/14,-,小笠原　光（岩　手・117期）、小浦　凪（岐　阜・117期）、久田　裕也（徳　島・117期）、藤野　竜也（栃　木・117期）、青柳　靖起（佐　賀・117期）,松本秀之介（熊　本・117期）、伊藤　旭（熊　本・117期）、田川　辰二（熊　本・72期）、瓜生　崇智（熊　本・109期）、後藤　大輝（福　岡・121期）,-,田川　辰二（熊　本・72期）,-,333m,1,カステラ,パセリ
松川　高大,14421,94期,九州,熊本,熊本県,両,1988/12/2,-,近藤　龍徳（愛　知・101期）、近藤　幸徳（愛　知・52期）、伊藤　拓人（静　岡・94期）、関根　彰人（沖　縄・94期）、海野　敦男（静　岡・69期）,-,松川グループ,矢野　良和（熊　本・54期）,野口　大誠（熊　本・105期）,333m,５・７,鮨,しいたけ・にんじん
松坂　洋平,14020,89期,南関東,平塚,神奈川県,両,1982/8/27,松坂侑亮(115期）,長崎　達也（神奈川・89期）,遠澤　健二（神奈川・57期）、三ツ井　勉（神奈川・45期）、柴田功一郎（神奈川・79期）、加藤　圭一（神奈川・85期）、山下　貴之（神奈川・85期）,-,木内　隆哉（神奈川・62期）,松坂　侑亮（神奈川・115期）,-,4,肉,山菜
松崎　広太,15692,123期,関東,取手,茨城県,逃,1999/6/27,-,中原　航大（岡　山・123期）,須賀　和彦（茨　城・89期）、小畑　勝広（茨　城・115期）,-,須賀　和彦（茨　城・89期）,-,400m,１・４,-,エクレア
松谷　秀幸,14524,96期,南関東,川崎,神奈川県,追,1982/10/16,-,-,松坂　英司（神奈川・82期）、佐々木　龍（神奈川・109期）、佐々木眞也（神奈川・117期）、佐々木和紀（神奈川・117期）,-,佐々木龍也（神奈川・57期）,-,-,1,焼き肉,-
松田　治之,12834,73期,近畿,岸和田,大阪府,追,1974/2/10,-,中田　謙二（沖　縄・73期）、小橋　明紀（青　森・73期）,-,ＫＣＳＣグループ,山本　八郎（大　阪・28期）,-,-,1,カレーライス・焼肉・甘いもの・辛いもの,きのこ類・野菜
松永　将,14004,89期,関東,取手,茨城県,追,1980/12/31,-,-,-,川村道場,川村　恵三（茨　城・20期）,-,-,-,焼肉・寿司,-
松村　友和,13961,88期,近畿,-,大阪府,追,1980/1/3,-,-,-,-,中武　克雄（大　阪・57期）,仲野　結音（大　阪・117期）,-,7,和食,レーズン
松本　貴治,15203,111期,四国,松山,愛媛県,両,1993/12/22,-,境　啓亨（熊　本・111期）、島村　匠（福　岡・111期）、伊藤　稔真（三　重・111期）、森川　康輔（岐　阜・111期）、南　潤（和歌山・111期）、山崎　賢人（長　崎・111期）、菊池竣太朗（静　岡・111期）、久保田泰弘（山　口・111期）,濱田　浩司（愛　媛・81期）、日野　博幸（愛　媛・103期）,-,濱田　浩司（愛　媛・81期）,-,400m,3,うなぎ・中華料理・魚・肉,パクチー
松本　秀之慎,15663,121期,九州,熊本,熊本県,逃,2002/9/6,松本秀浩（父45期）松本秀之介(兄117期）,中野　慎詞（岩　手・121期）、中釜　健次（大　阪・121期）、塩崎　隼秀（愛　媛・121期）、真鍋　顕汰（三　重・121期）、日高　裕太（静　岡・121期）,松本秀之介（熊　本・117期）、松岡　辰泰（熊　本・117期）、伊藤　旭（熊　本・117期）,-,松本　秀浩（熊　本・45期）,-,400m,1,モンブラン,ししゃも
松本　秀之介,15480,117期,九州,熊本,熊本県,逃,2000/5/7,松本秀浩（45期・引退）松本秀之慎（弟121期）,長田　龍拳（静　岡・117期）,松岡　辰泰（熊　本・117期）、伊藤　旭（熊　本・117期）、松本秀之慎（熊　本・121期）,-,松本　秀浩（熊　本・45期）,-,400m,9,馬刺し,トマト
窓場　千加頼,14835,100期,近畿,向日町,京都府,両,1991/9/19,窓場 加乃敏(父59期),-,-,-,窓場加乃敏（京　都・59期）,-,-,-,-,-
真鍋　智寛,15647,121期,四国,松山,愛媛県,逃,1998/11/27,-,小川将二郎（徳　島・121期）、大川　剛（青　森・121期）、加藤　将武（埼　玉・121期）、滝本　幸正（新　潟・121期）、岸田　剛（福　井・121期）,-,-,-,-,400m,3,焼肉,チーズ
丸山　啓一,12889,74期,南関東,静岡,静岡県,追,1975/1/16,-,-,-,-,国持　晴彦（静　岡・41期）,河村　文人（静　岡・89期）,-,1,ナシゴレン・くだもの・ラム肉,しいたけ
丸山　貴秀,13996,89期,北日本,青森,秋田県,追,1980/5/13,-,-,-,-,山崎　幸悦（秋　田・33期）,-,-,2,カレー,なすの漬け物
三浦　翔大,14645,98期,北日本,-,宮城県,追,1990/6/25,三浦 雄大(兄98期)三浦 大輝(弟111期),-,高橋　秀昭（宮　城・37期）、鎌田　聡（宮　城・81期）、嶋貫　高大（宮　城・91期）、寺林　正秋（宮　城・93期）,大亀道場,鎌田　聡（宮　城・81期）,-,250m,-,ﾗｰﾒﾝｼｮｯﾌﾟｺﾞｻﾞｲﾔｽ、仙台二郎､牛たん太助､宇ち多”,-
三浦　貴大,15358,115期,中部,岐阜,岐阜県,両,1999/2/14,三浦 靖（53期）,小原丈一郎（青　森・115期）,-,-,三浦　靖（岐　阜・53期）,-,-,3,肉,野菜
水谷　好宏,14309,93期,近畿,-,大阪府,両,1983/4/6,-,-,-,-,松山裕一朗（滋　賀・75期）,-,-,-,-,-
三谷　将太,14252,92期,近畿,奈良,奈良県,追,1985/10/24,三谷 典正(父・49期・引退)三谷 政史(兄・93期)三谷 竜生(弟・101期),-,三谷　典正（奈　良・49期）、三谷　政史（奈　良・93期）、三谷　竜生（奈　良・101期）、田中　大我（奈　良・115期）,-,三谷　典正（奈　良・49期）,-,-,１・３,肉・スパゲッティー,ナス
三谷　竜生,14873,101期,近畿,奈良,奈良県,両,1987/9/5,三谷 典正(父49期・引退)三谷 政史(兄93期)三谷 将太(兄92期),-,三谷　典正（奈　良・49期）、三谷　政史（奈　良・93期）、三谷　将太（奈　良・92期）、田中　大我（奈　良・115期）,-,三谷　典正（奈　良・49期）,-,-,5,-,-
道場　晃規,15443,117期,南関東,-,静岡県,逃,1997/8/16,-,櫻井祐太郎（宮　城・117期）、兼本　将太（熊　本・117期）、伊藤　旭（熊　本・117期）、内藤　久文（愛　知・117期）、枠元　一葵（福　井・117期）、村田　瑞季（京　都・117期）,-,-,金川　光浩（静　岡・56期）,-,333m,7,寿司,しいたけ
湊　聖二,13804,86期,四国,小松島,徳島県,追,1976/12/12,平山 松男(期前),-,-,徳島支部,-,木村　隆弘（徳　島・91期）、藤田　洋平（徳　島・93期）、清水　一幸（大　阪・109期）、久樹　克門（徳　島・113期）、森　柾斗（徳　島・125期）,-,-,-,-
南　修二,13962,88期,近畿,岸和田,大阪府,追,1981/9/7,-,-,-,-,乾　準一（福　島・85期）,-,-,1,焼肉,納豆
南　潤,15186,111期,近畿,和歌山,和歌山県,逃,1997/11/13,南蓮(115期）南彩乃(妻122期）,菊池竣太朗（静　岡・111期）、伊藤　稔真（三　重・111期）、境　啓亨（熊　本・111期）、森川　康輔（岐　阜・111期）、島村　匠（福　岡・111期）、久保田泰弘（山　口・111期）、小林裕一朗（千　葉・111期）,-,-,-,-,400m,1,おすし、生レバー,生クリーム、しらこ
三宅　達也,13291,79期,中国,玉野,岡山県,追,1977/7/7,-,久冨　武（岡　山・79期）、新保　堅進（群　馬・79期）、小林　大介（群　馬・79期）、四元　隆裕（和歌山・79期）,伊豆田　忠（岡　山・27期）、藤原　隆之（岡　山・48期）、宮野　正人（岡　山・52期）、荻野　裕二（岡　山・53期）、久冨　栄二（岡　山・57期）、泉　和男（東　京・51期）、串田　晴男（岡　山・62期）、谷本　一樹（岡　山・63期）、取鳥　敬一（岡　山・69期）、山本　貴章（岡　山・76期）,-,荻野　裕二（岡　山・53期）,-,-,7,焼肉・カレー,ピーマン・セロリ
三宅　裕武,13955,88期,中部,松阪,三重県,追,1981/9/26,-,山口　大助（群　馬・88期）,岩見　潤（三　重・71期）、小西　誠也（三　重・80期）、西村　豊（三　重・84期）、倉田　紘希（三　重・117期）、小西　晴己（三　重・121期）、浜地　晴帆（三　重・122期）,高岸ファミリー,高岸　豊治（三　重・28期）,小西　晴己（三　重・121期）、浜地　晴帆（三　重・122期）,-,1,肉・魚,-
宮越　孝治,13483,82期,中部,富山,富山県,追,1979/1/18,宮越 大(兄77期),藤井　孝則（兵　庫・82期）、表　大暁（富　山・82期）、坂上　樹大（石　川・80期）、藤原　誠（岐　阜・69期）、志村　太賀（山　梨・90期）,笹倉　慎也（富　山・91期）、宮越　大（富　山・77期）、樋口　奨平（富　山・87期）、永原　徹（富　山・87期）、松田　大（富　山・98期）、村田　祐樹（富　山・121期）,Capricornis Racing Team,笹倉　重治（富　山・48期）,村田　祐樹（富　山・121期）,-,4,銀ダラ,まいたけ・魚の皮・こげ
宮崎　大空,15389,115期,九州,熊本,熊本県,両,1999/4/9,-,福田　滉（栃　木・115期）、幸田　望夢（栃　木・115期）、照井　拓成（岩　手・115期）,緒方　将樹（熊　本・117期）、山川　奨太（熊　本・117期）,-,田川　辰二（熊　本・72期）,-,400m,-,-,-
宮本　隼輔,15282,113期,九州,熊本,熊本県,両,1994/7/31,宮本 忠典（父55期・引退）、宮本 弘子（祖母 期前）,清水　裕友（山　口・105期）、安本　昇平（山　口・113期）,清水　裕友（山　口・105期）、安本　昇平（山　口・113期）,-,宮本　忠典（山　口・55期）,-,333m,2,-,-
武藤　篤弘,14451,95期,関東,西武園,埼玉県,追,1984/11/12,武藤 龍生(甥98期),-,-,-,武藤　嘉伸（埼　玉・59期）,-,-,-,焼肉・プリン,豚の角煮
武藤　龍生,14659,98期,関東,西武園,埼玉県,追,1991/3/26,武藤 篤弘(叔父95期),相良　祐太（福　島・98期）、新山　将史（青　森・98期）、等々力久就（長　野・98期）,武藤　嘉伸（埼　玉・59期）、武藤　篤弘（埼　玉・95期）,-,武藤　嘉伸（埼　玉・59期）,-,-,1,カレー,トマト
村上　直久,14465,95期,南関東,平塚,神奈川県,両,1981/6/24,金子 浩貴(義弟95期),藤崎　優輝（福　岡・95期）,-,平塚競輪場午前中グループ,勝瀬　卓也（神奈川・84期）,-,-,-,丈清の焼肉､ﾋﾟｸﾙｽの鶏の照焼定食､やまいち旅館のご飯,なし
村上　博幸,13791,86期,近畿,向日町,京都府,追,1979/4/15,村上 義弘(兄73期),-,藤木　裕（京　都・89期）、山田　久徳（京　都・93期）、谷内　健太（京　都・125期）,京都向日町競輪場グループ,村上　義弘（京　都・73期）,-,-,５・７,肉類,-
村上　竜馬,15375,115期,中国,広島,広島県,逃,1996/1/5,-,船瀬　惇平（広　島・111期）、藤井　將（広　島・113期）、藏本　徹二（広　島・111期）、宇佐見優介（福　島・115期）、朝倉　智仁（茨　城・115期）,田村　光昭（広　島・67期）、森江　信行（広　島・49期）、平坂　典也（広　島・61期）、石田　洋秀（広　島・64期）、中石　昌芳（広　島・81期）、前反祐一郎（広　島・81期）、大屋　健司（広　島・87期）、大瀬戸潤一（広　島・95期）、西岡　拓朗（広　島・97期）,鬼原グループ,大瀬戸潤一（広　島・95期）,-,400m,１・３・９,魚,くわい
村田　雅一,14103,90期,近畿,-,兵庫県,追,1984/7/4,-,篠塚　光一（兵　庫・90期）、井上　将志（兵　庫・100期）,井上　将志（兵　庫・100期）、竜門　孝宗（兵　庫・95期）、藤岡　徹也（兵　庫・121期）、市村　昌樹（兵　庫・103期）、油谷　蒼（兵　庫・125期）,-,平田　哲也（兵　庫・59期）,藤岡　徹也（兵　庫・121期）,333m,2,寿司・焼肉,トマト
村田　祐樹,15628,121期,中部,富山,富山県,逃,1998/8/14,-,南儀　拓海（富　山・121期）、比佐　宝太（福　島・121期）,宮越　大（富　山・77期）、宮越　孝治（富　山・82期）,-,宮越　孝治（富　山・82期）,-,333m,2,寿司,なし
室井　健一,12541,69期,四国,小松島,徳島県,追,1970/10/16,室井竜二(弟65期)室井蓮太朗(121期),小倉　竜二（徳　島・77期）,佐竹　和也（徳　島・83期）、山本　宏明（徳　島・83期）、原田研太朗（徳　島・98期）、松本　卓也（徳　島・98期）、増田　鉄男（徳　島・74期）、藤原　義晴（岩　手・88期）、藤原　春陽（徳　島・122期）,-,富原　忠夫（徳　島・43期）,島川　将貴（徳　島・109期）、室井蓮太朗（徳　島・121期）,-,4,肉・魚,-
室井　竜二,12234,65期,四国,小松島,徳島県,追,1970/10/16,室井健一(兄69期)室井蓮太朗(121期）,-,-,-,辻　勝治（徳　島・38期）,-,-,2,焼肉、貝類,-
室井　蓮太朗,15645,121期,四国,小松島,徳島県,両,2001/1/24,室井 健一(69期)室井 竜二(65期),後藤　大輝（福　岡・121期）、近藤　雄太（岡　山・121期）、小西　晴己（三　重・121期）、福田　要（宮　崎・121期）、米村　光星（熊　本・121期）、太田　海也（岡　山・121期）,-,-,室井　健一（徳　島・69期）,-,400m,-,-,-
望月　一成,15176,111期,南関東,静岡,静岡県,逃,1996/9/19,-,金ヶ江勇気（佐　賀・111期）、山崎　賢人（長　崎・111期）,-,-,黒田　直記（静　岡・72期）,-,400m,5,ナス,-
望月　永悟,13115,77期,南関東,静岡,静岡県,追,1977/1/15,-,-,-,-,笹野井丈晴（静　岡・64期）,杉沢毛伊子（静　岡・104期）,-,-,スウィーツ,納豆
望月　湧世,15713,123期,南関東,静岡,静岡県,逃,2003/8/24,望月紀男(79期),-,望月　紀男（静　岡・79期）,-,望月　紀男（静　岡・79期）,-,400m,1,すき焼き,玉ねぎ
元砂　勇雪,14946,103期,近畿,奈良,奈良県,追,1991/11/1,元砂 七夕美(妹108期)、元砂 海人（兄113期）,-,栗山　俊介（奈　良・103期）、元砂　海人（奈　良・113期）、佐藤　成人（奈　良・71期）,-,-,元砂　海人（奈　良・113期）,333m,２・３・７,焼き肉、果物,キノコ類
森川　大輔,14246,92期,中部,岐阜,岐阜県,追,1987/7/4,-,-,-,-,浅井　雄三（岐　阜・79期）,-,-,1,焼肉,-
守澤　太志,14501,96期,北日本,-,秋田県,追,1985/7/20,-,-,-,-,高橋　里志（秋　田・49期）,高橋　大輝（秋　田・111期）,-,１・２,焼き肉,コンブ・レバー
森田　一郎,15799,125期,関東,大宮,埼玉県,逃,2001/2/1,-,福田　健太（宮　城・125期）、原田　峻治（山　口・125期）、稲留　敦貴（鹿児島・125期）、中石　湊（北海道・125期）、中島　淳（埼　玉・125期）、油谷　蒼（兵　庫・125期）,山信田　学（埼　玉・83期）、森田　優弥（埼　玉・113期）、中島　淳（埼　玉・125期）、藤田　周磨（埼　玉・117期）、山口　多聞（埼　玉・121期）、中山　拓人（埼　玉・121期）、近藤　圭佑（埼　玉・121期）,見沼グループ,山信田　学（埼　玉・83期）,-,500m,1,フルーツ,なし
森田　優弥,15248,113期,関東,大宮,埼玉県,逃,1998/7/8,-,伊藤　歩登（兵　庫・113期）、吉元　大生（静　岡・113期）、嵯峨昇喜郎（青　森・113期）、福永　大智（大　阪・113期）、山田　諒（岐　阜・113期）、眞杉　匠（栃　木・113期）、黒沢　征治（埼　玉・113期）、小玉　勇一（埼　玉・113期）、尾崎　悠生（埼　玉・113期）,山信田　学（埼　玉・83期）、藤田　周磨（埼　玉・117期）、近藤　圭佑（埼　玉・121期）、山口　多聞（埼　玉・121期）、中山　拓人（埼　玉・121期）、熊崎　麻人（埼　玉・123期）、中島　淳（埼　玉・125期）、森田　一郎（埼　玉・125期）,見沼グループ,山信田　学（埼　玉・83期）,-,400m,1,カツ丼,なし
森本　桂太郎,15648,121期,四国,松山,愛媛県,逃,1998/8/8,-,合地　登汰（岡　山・121期）、近藤　雄太（岡　山・121期）、太田　海也（岡　山・121期）、滝本　幸正（新　潟・121期）、橋本　陸（福　岡・121期）、坂田　康季（佐　賀・121期）,渡部　哲男（愛　媛・84期）、板崎　佑矢（愛　媛・101期）、下野　義城（愛　媛・115期）、菊池　崇史（愛　媛・61期）、上田　学（愛　媛・69期）、武智　尚之（愛　媛・70期）、鳥生　知八（愛　媛・77期）、横内　裕人（愛　媛・100期）、高山　雄丞（愛　媛・109期）、岡本　翔（愛　媛・123期）,-,渡部　哲男（愛　媛・84期）,-,400m,１・２・３・７・８,肉、魚,茄子
守谷　陽介,13884,87期,中国,玉野,岡山県,両,1980/5/10,野見 泰要(義弟101期),-,-,-,本田　晴美（岡　山・51期）,-,-,１・２,-,-
森安　崇之,13653,84期,四国,高松,香川県,追,1978/1/10,-,近藤　誠二（香　川・80期）,池田　憲昭（香　川・90期）、蓮井　祐輝（香　川・93期）、宮崎　康司（香　川・94期）、戸田　康平（香　川・101期）、清水　邦章（香　川・68期）、吉田　周司（香　川・70期）、原　誠宏（香　川・91期）,-,真鍋　浩二（香　川・51期）,-,-,1,肉、寿司,しいたけ、ピーマン、ごぼう
諸橋　愛,13249,79期,関東,弥彦,新潟県,追,1977/7/21,-,鶴蒔　将隆（栃　木・79期）、小林　大介（群　馬・79期）,池端　将巳（新　潟・79期）、松本　一成（新　潟・77期）、中山　善仁（新　潟・73期）、村上　順規（新　潟・80期）,-,小川　隆（新　潟・45期）,-,-,1,食べ物ほとんど,-
谷内　健太,15822,125期,近畿,向日町,京都府,逃,2000/7/6,-,-,-,-,-,-,400m,1,焼肉,特になし
宿口　潤平,14151,91期,関東,大宮,埼玉県,追,1982/4/16,宿口 陽一(弟91期),-,野村　昌弘（埼　玉・84期）、細沼　健治（埼　玉・89期）、伊藤　亮（埼　玉・92期）、緒方　剛（埼　玉・92期）,-,野村　昌弘（埼　玉・84期）,-,-,1,メロン・肉,かぼちゃ
宿口　陽一,14152,91期,関東,西武園,埼玉県,両,1984/4/3,宿口 潤平(兄91期),-,平原　康多（埼　玉・87期）、伊藤　亮（埼　玉・92期）、柿沼　信也（埼　玉・91期）、笠松　将太（埼　玉・100期）,-,野村　昌弘（埼　玉・84期）,-,-,-,すき焼き,レンコン
梁島　邦友,15420,117期,関東,取手,茨城県,逃,1999/5/7,-,-,山下　渡（茨　城・91期）,-,山下　渡（茨　城・91期）,-,400m,1,海産物,ない
簗田　一輝,15051,107期,南関東,静岡,静岡県,両,1996/1/9,-,-,-,藁科軍団､競輪サウナ部,村本　大輔（静　岡・77期）,-,-,-,貝類、サラダ,無し
柳詰　正宏,14624,97期,九州,小倉,福岡県,追,1987/7/30,柳詰 利明(祖父6期・引退)柳詰 美義(叔父35期・引退),-,-,-,今村　康志（福　岡・66期）,-,-,-,肉、魚,-
矢野　昌彦,14142,91期,関東,宇都宮,栃木県,逃,1982/4/24,-,小野　大介（福　島・91期）、林　巨人（愛　知・91期）、笹倉　慎也（富　山・91期）、山田　哲也（愛　知・99期）,高塩　讓次（栃　木・90期）、塚本　和宏（栃　木・90期）、中川　貴徳（栃　木・91期）、小田倉勇二（埼　玉・91期）、神山　拓弥（栃　木・91期）、古川　尚耶（栃　木・92期）、齋藤　昌太（栃　木・93期）、長島　大介（栃　木・96期）、磯田　旭（栃　木・96期）、星野　辰也（栃　木・95期）,-,瀧深　一彦（栃　木・40期）,-,-,１・５,オーガニック食品、ぬか漬け,添加物食品、人工甘味料入り飲料水
山内　卓也,13118,77期,中部,名古屋,愛知県,追,1977/3/1,-,鳥越　靖弘（愛　知・77期）、小野　俊之（大　分・77期）、小倉　竜二（徳　島・77期）,山田　圭二（愛　知・70期）、一丸　安貴（愛　知・70期）、林　巨人（愛　知・91期）、小塚　潤（愛　知・86期）、猪俣　康一（愛　知・99期）、山田　哲也（愛　知・99期）、太田黒真也（愛　知・85期）、林　敬宏（愛　知・117期）,-,黒須　修典（愛　知・期前）,猪俣　康一（愛　知・99期）、山田　哲也（愛　知・99期）、林　敬宏（愛　知・117期）,-,１・７・９,しょうが焼（豚肉）ハンバーグ,なし
山賀　雅仁,13850,87期,南関東,千葉,千葉県,両,1982/3/6,-,-,-,-,大坪　義和（千　葉・55期）,篠崎　新純（千　葉・102期）,-,全て,鮪、牛肉,-
山形　一気,14554,96期,四国,小松島,徳島県,追,1989/1/18,-,-,小倉　竜二（徳　島・77期）、久樹　克門（徳　島・113期）,-,米澤　大輔（徳　島・73期）,-,-,５・７・９,焼肉、寿司,-
山岸　佳太,15038,107期,関東,取手,茨城県,両,1989/11/11,-,-,-,小倉グループ,堀　政美（茨　城・65期）,-,-,-,-,-
山口　敦也,15291,113期,九州,武雄,佐賀県,追,1997/12/24,-,舟山　佑京（新　潟・113期）、薦田　将伍（愛　媛・113期）、土居　佑次（高　知・113期）,原　司（佐　賀・70期）,-,原　司（佐　賀・70期）,-,-,１・２・３,刺身、焼肉、すき焼き,カレー
山口　拳矢,15451,117期,中部,大垣,岐阜県,両,1996/1/26,山口啓（７期）山口幸二（62期）山口聖矢（115期）,-,山口　富生（岐　阜・68期）、松岡　篤哉（岐　阜・97期）、竹内　雄作（岐　阜・99期）、山口　聖矢（岐　阜・115期）,-,山口　富生（岐　阜・68期）,-,400m,１・２・３,お肉,野菜
山口　泰生,14028,89期,中部,岐阜,岐阜県,追,1981/12/10,山口利逸(祖父）山口定子(祖母）山口剛生（父）永井清史（義弟),-,-,-,竹内　久人（岐　阜・37期）,-,400m,7,ロデオラウンドアップのステーキ、焼肉,トマトジュース
山口　貴弘,14268,92期,九州,武雄,佐賀県,追,1984/1/26,-,-,-,-,中山　匡男（佐　賀・69期）,-,-,１・２・３,カツカレー,-
山口　多聞,15608,121期,関東,大宮,埼玉県,逃,2001/12/20,-,加藤　将武（埼　玉・121期）、五十嵐　綾（福　島・121期）、長谷川飛向（東　京・121期）、永井　哉多（東　京・121期）、田代　匠（福　岡・121期）,山信田　学（埼　玉・83期）、森田　優弥（埼　玉・113期）、藤田　周磨（埼　玉・117期）、中山　拓人（埼　玉・121期）、近藤　圭佑（埼　玉・121期）、熊崎　麻人（埼　玉・123期）、中島　淳（埼　玉・125期）、森田　一郎（埼　玉・125期）,見沼グループ,山信田　学（埼　玉・83期）,-,-,-,じゃがいも系の料理,かたい目玉焼きの黄身は克服、海老の頭
山口　富生,12450,68期,中部,大垣,岐阜県,追,1970/1/6,山口啓(7期)、山口幸二(62期)、山口聖矢(115期）、山口拳矢(117期）,-,吉村　和之（岐　阜・80期）、山田　雅之（岐　阜・72期）、伊藤　嘉浩（岐　阜・79期）、本村　隆文（岐　阜・81期）,-,棚橋　良博（岐　阜・29期）,松岡　篤哉（岐　阜・97期）、向井裕紀弘（岐　阜・98期）、竹内　雄作（岐　阜・99期）、山口　聖矢（岐　阜・115期）、山口　拳矢（岐　阜・117期）,-,-,-,-
山口　貴嗣,13514,82期,九州,久留米,福岡県,追,1978/9/14,-,-,-,-,檀　雄二（福　岡・66期）,-,-,9,肉,にんじん
山崎　賢人,15213,111期,九州,佐世保,長崎県,逃,1992/12/17,-,境　啓亨（熊　本・111期）、森川　康輔（岐　阜・111期）、蕗澤鴻太郎（群　馬・111期）、田尾　駿介（高　知・111期）、久保田泰弘（山　口・111期）,荒井　崇博（長　崎・82期）、井上　昌己（長　崎・86期）、山口幸太郎（長　崎・99期）、船倉　卓郎（長　崎・99期）、西田　将士（長　崎・105期）、野口のぞみ（長　崎・110期）,諫早干拓,山口幸太郎（長　崎・99期）,-,400m,6,明太子,-
山崎　泰己,14881,101期,中国,玉野,岡山県,追,1989/6/22,-,-,-,下津井グループ,柳原　茂巳（岡　山・55期）,-,-,１・３,焼肉・くだもの,にがいもの
山崎　歩夢,15789,125期,北日本,いわき平,福島県,逃,2005/3/25,山崎芳仁(88期)山崎司(95期),-,-,-,山崎　芳仁（福　島・88期）,-,-,9,-,-
山崎　将幸,14212,92期,北日本,-,宮城県,追,1987/6/1,山崎 幸悦(父33期・引退)山崎 陽祐(兄85期・引退)山崎 功也(弟95期),森川　大輔（岐　阜・92期）、片折　亮太（埼　玉・92期）,安部　貴之（宮　城・92期）、菅田　壱道（宮　城・91期）,-,山崎　幸悦（秋　田・33期）,-,-,4,寿司,ピーマン
山崎　芳仁,13920,88期,北日本,いわき平,福島県,両,1979/6/12,山崎 司(弟・95期)山崎 歩夢（子・125期）,-,佐藤慎太郎（福　島・78期）、青森　伸也（福　島・87期）、鈴木　誠（福　島・84期）、佐藤　悦夫（栃　木・86期）、金成　和幸（福　島・88期）、白石　大輔（福　島・88期）,-,添田　広福（福　島・49期）,-,-,3,肉,ゴーヤ
山下　一輝,14551,96期,中国,防府,山口県,追,1989/8/18,-,-,大林　勝敏（山　口・72期）、久保田泰弘（山　口・111期）,-,大林　勝敏（山　口・72期）,久保田泰弘（山　口・111期）,-,9,肉,レーズン
山下　渡,14138,91期,関東,取手,茨城県,追,1983/9/3,-,-,朝秀　忠（茨　城・68期）、梁島　邦友（茨　城・117期）,-,朝秀　忠（茨　城・68期）,梁島　邦友（茨　城・117期）,-,1,寿司,-
山田　敦也,13901,88期,北日本,函館,北海道,追,1983/7/13,-,-,-,-,高村　敦（北海道・35期）,-,-,-,アイス,-
山田　駿斗,15706,123期,南関東,松戸,千葉県,逃,2004/1/28,-,中原　航大（岡　山・123期）、佐藤譲士郎（埼　玉・123期）、峯口　司（長　崎・123期）、小柳　智徳（長　崎・123期）、高橋　海月（青　森・123期）、立花　昌也（青　森・123期）、日吉　克実（静　岡・123期）、中岡　海（愛　媛・123期）,染谷　幸喜（千　葉・111期）、山中　秀将（千　葉・95期）、鈴木　浩太（千　葉・119期）、鳥海　創（千　葉・123期）、坪内　恒（千　葉・123期）,-,染谷　幸喜（千　葉・111期）,-,400m,１・２・９,すし、ラーメン,納豆
山田　久徳,14317,93期,近畿,向日町,京都府,両,1987/8/24,山田 栄治(祖父・期前・引退)山田 英之(父54期・引退),-,村上　博幸（京　都・86期）、藤木　裕（京　都・89期）、谷内　健太（京　都・125期）,-,山田　英之（京　都・54期）,-,-,-,焼肉,ナス
山田　英明,14047,89期,九州,武雄,佐賀県,両,1983/3/29,山田 庸平(弟94期)山田 秀(父37期・引退)山田 貞彦(叔父43期・引退),-,山田　庸平（佐　賀・94期）,-,中野　龍浩（佐　賀・53期）,-,-,1,焼肉、寿司,-
山田　庸平,14417,94期,九州,武雄,佐賀県,両,1987/11/8,山田 英明(兄89期)山田 秀(父37期・引退)山田 貞彦(叔父43期・引退),-,佐々木浩三（佐　賀・50期）、山田　英明（佐　賀・89期）,-,中野　龍浩（佐　賀・53期）,-,-,-,-,-
山田　諒,15268,113期,中部,岐阜,岐阜県,両,1999/2/4,-,渋谷　海（香　川・113期）、國井　裕樹（神奈川・113期）、伊藤　歩登（兵　庫・113期）、福永　大智（大　阪・113期）、森田　優弥（埼　玉・113期）、嵯峨昇喜郎（青　森・113期）、眞杉　匠（栃　木・113期）,-,-,-,-,400m,１・４,-,-
山中　貴雄,14108,90期,四国,高知,高知県,追,1983/4/16,-,-,-,-,山本　剛（高　知・52期）,山中　崇弘（高　知・113期）,-,3,トマト,らっきょう
山根　将太,15546,119期,中国,玉野,岡山県,逃,1997/7/9,山根慶太（弟123期）,梶原　大地（福　岡・119期）、渡口　勝成（山　口・119期）、志田　龍星（岐　阜・119期）,-,-,佐伯　亮輔（岡　山・113期）,-,400m,3,肉,キクラゲ
山本　恵介,14801,100期,北日本,いわき平,福島県,両,1980/6/2,-,-,-,-,鈴木謙太郎（茨　城・90期）,-,-,-,焼き肉,ネギ類、ニンジン
山本　拳也,15124,109期,四国,高知,高知県,追,1990/4/29,山本 剛(父52期・引退),堀　僚介（大　阪・109期）、本馬　鎌（福　島・109期）,森岡　正臣（高　知・75期）、山中　貴雄（高　知・90期）、都築　巧（高　知・123期）,-,山本　剛（高　知・52期）,-,-,5,オムライス,-
山本　勝利,15433,117期,関東,立川,東京都,逃,1998/6/15,-,-,水森　湧太（東　京・117期）、武田　亮（東　京・115期）、高橋　築（東　京・109期）、山本恵太郎（東　京・71期）、松本　詩乃（東　京・122期）,大宮道場,山崎　充央（東　京・79期）,-,333m,2,焼肉、ラーメン,焼魚
山本　奨,14409,94期,中国,玉野,岡山県,両,1988/11/24,山本 直(弟101期),阿部　大樹（埼　玉・94期）,山本　直（岡　山・101期）、龍野琳太郎（岡　山・123期）,-,岡野　順一（岡　山・61期）,-,-,2,ラーメン,無し
山本　伸一,14886,101期,近畿,奈良,奈良県,両,1983/2/15,-,-,-,-,篠原　英雄（高　知・81期）,-,-,1,焼肉,セロリ
山本　紳貴,15046,107期,南関東,松戸,千葉県,追,1985/2/14,山本 奈知(妻106期),和田健太郎（千　葉・87期）,中村　浩士（千　葉・79期）、根田　空史（千　葉・94期）、岩本　俊介（千　葉・94期）、原田　亮太（千　葉・115期）、田中　まい（千　葉・104期）,中村道場,和泉田喜一（千　葉・59期）,山本　天平（千　葉・125期）,-,-,ケンタッキー､ステーキ､寿司,無し
山本　直,14882,101期,中国,玉野,岡山県,両,1992/9/12,山本　奨（兄・94期）,才迫　開（広　島・101期）,岡野　順一（岡　山・61期）、川崎　洋（岡　山・69期）、小畑　大臣（岡　山・74期）、山本　奨（岡　山・94期）,-,岡野　順一（岡　山・61期）,-,-,3,ラーメン,レーズン
山本　巨樹,14839,100期,近畿,-,大阪府,追,1990/10/26,-,-,-,-,-,-,-,１・５,なし,なし
八日市屋　浩之,13274,79期,中部,富山,石川県,追,1975/5/17,-,-,-,-,横長　勇（石　川・42期）,-,-,-,-,-
横関　裕樹,14754,99期,中部,岐阜,岐阜県,両,1988/5/2,-,-,-,闘心會,板橋　常晶（岐　阜・82期）,-,-,4,うどん・焼肉,辛い物
横山　尚則,14804,100期,関東,取手,茨城県,追,1991/7/31,-,横内　裕人（愛　媛・100期）,-,十文字グループ,十文字貴信（茨　城・75期）,朝倉　智仁（茨　城・115期）、遠藤　洋希（茨　城・115期）、木村　皆斗（茨　城・119期）、橋本　壮史（茨　城・119期）、藤田　祐大（茨　城・125期）,-,-,-,-
吉川　嘉斗,15010,105期,四国,小松島,徳島県,追,1993/2/23,-,平川慎太郎（佐　賀・105期）、齋藤　仁（徳　島・83期）,米澤　大輔（徳　島・73期）,-,米澤　大輔（徳　島・73期）,宮道　良輔（徳　島・123期）,-,3,ハンバーグ、焼き肉,野菜、魚
吉澤　純平,14860,101期,関東,取手,茨城県,両,1985/3/16,-,-,-,武田グループ,武田　豊樹（茨　城・88期）,-,-,3,焼肉,魚卵
吉武　信太朗,15064,107期,四国,松山,愛媛県,逃,1993/10/4,-,-,小川　祐司（愛　媛・96期）,-,小川　祐司（愛　媛・96期）,-,-,7,チョコレート,バナナ
吉田　拓矢,15039,107期,関東,取手,茨城県,両,1995/5/7,吉田 哲也(父・茨城・51期・引退)吉田 昌司(弟・埼玉・111期)吉田 有希(弟・茨城・119期)吉田 伸二(叔父54期・引退),-,十文字貴信（茨　城・75期）、河野　通孝（茨　城・88期）、中川　昌久（茨　城・94期）、飯山　泰行（北海道・98期）、横山　尚則（茨　城・100期）、杉森　輝大（茨　城・103期）,-,十文字貴信（茨　城・75期）,-,-,３・７,焼肉,サーモン
吉田　敏洋,13719,85期,中部,名古屋,愛知県,両,1979/10/17,-,-,-,名古屋競輪場グループ,村佐　庸（愛　知・54期）,永禮　美瑠（愛　知・118期）、西脇美唯奈（愛　知・120期）、森崎　英登（愛　知・125期）,-,-,-,-
吉田　智哉,15204,111期,四国,松山,愛媛県,逃,1997/12/14,-,小林裕一朗（千　葉・111期）、出澤　拓也（神奈川・111期）、伊藤　稔真（三　重・111期）、久保田泰弘（山　口・111期）,吉岡伸太郎（愛　媛・105期）、佐々木　豪（愛　媛・109期）、高山　雄丞（愛　媛・109期）,-,吉岡伸太郎（愛　媛・105期）,-,400m,２・５,焼肉・チーズ,トマト・寿司
吉田　有希,15518,119期,関東,取手,茨城県,逃,2001/9/8,吉田哲也（51期・引退・父）吉田伸二（54期・引退・叔父）吉田拓矢（107期・兄）吉田昌司（111期・兄）,-,吉田　拓矢（茨　城・107期）、横山　尚則（茨　城・100期）、朝倉　智仁（茨　城・115期）,十文字グループ,吉田　拓矢（茨　城・107期）,-,400m,1,寿司、天ぷら,しいたけ、サツマイモの天ぷら
良永　浩一,13810,86期,九州,久留米,福岡県,追,1979/3/9,-,新井　剛央（埼　玉・86期）、吉田　勇人（埼　玉・86期）、木村　直隆（兵　庫・86期）,-,久留米競輪場グループ,小川　博美（福　岡・43期）,-,-,-,プロテイン、肉、バナナ,-
吉本　卓仁,14045,89期,九州,久留米,福岡県,両,1983/12/12,-,-,吉良　勝信（福　岡・75期）、島村　匠（福　岡・111期）,-,高比良　覚（福　岡・28期）,島村　匠（福　岡・111期）,-,2,肉,しいたけ
依田　翔大,15702,123期,関東,-,山梨県,逃,1999/5/26,-,中島　詩音（山　梨・119期）、尾方　祐仁（岐　阜・123期）,中島　詩音（山　梨・119期）、志村　龍己（山　梨・98期）,-,志村　龍己（山　梨・98期）,-,333m,3,ハリボー、コーラ,和食全般
米嶋　恵介,15547,119期,中国,玉野,岡山県,両,1992/2/27,-,山崎　航（山　口・119期）、大槇　大介（岡　山・119期）、犬伏　湧也（徳　島・119期）、吉田　悟（熊　本・119期）、川藤　幸大（熊　本・119期）、田村　大（宮　崎・119期）,岩本　純（岡　山・94期）,-,岩本　純（岡　山・94期）,-,400m,２・３・９,牛タン、アイス,ニンジン
脇本　勇希,15362,115期,近畿,福井,福井県,逃,1998/11/16,脇本 雄太（94期）,-,小松原正登（福　井・117期）、岸田　剛（福　井・121期）、脇本　雄太（福　井・94期）、上杉　嘉槻（福　井・119期）、寺崎　浩平（福　井・117期）、寺崎　舞織（福　井・112期）,-,脇本　雄太（福　井・94期）,-,400m,3,焼肉,漬け物、わさび
脇本　雄太,14396,94期,近畿,福井,福井県,逃,1989/3/21,脇本勇希(115期),-,鷲田　幸司（福　井・92期）,-,-,脇本　勇希（福　井・115期）、岸田　剛（福　井・121期）、小松原正登（福　井・117期）,400m,2,フルーツ全般、グミ,パクチー
鷲田　幸司,14249,92期,近畿,福井,福井県,追,1985/11/28,鷲田 善一(父33期・引退)鷲田 佳史(兄88期),荻原　尚人（宮　城・89期）、田中　誠（福　岡・89期）、伊藤　拓人（静　岡・94期）、西田　大志（福　岡・98期）、櫻井　正孝（宮　城・100期）、川口　聖二（岐　阜・103期）,高間　悠平（福　井・95期）、江端　隆司（福　井・103期）、竹澤　雅也（福　井・123期）,-,野原　哲也（福　井・51期）,-,-,3,馬刺し,イクラ
鷲田　佳史,13959,88期,近畿,福井,福井県,追,1983/5/22,鷲田 善一(父33期・引退)鷲田 幸司(弟92期),-,-,福井競輪場グループ,鷲田　善一（福　井・33期）,寺崎　浩平（福　井・117期）、遥山　夕貴（福　岡・108期）,400m,3,寿司・焼肉・カレー・珈琲,グリンピース
渡邉　一成,13921,88期,北日本,いわき平,福島県,両,1983/8/12,-,-,高橋　晋也（福　島・115期）,高橋晋也をよいしょする会,-,-,-,5,妻の手料理,きゅうり
渡邉　豪大,15052,107期,九州,小倉,福岡県,追,1989/6/22,-,-,-,-,栗田　雅也（静　岡・84期）,-,-,1,焼き肉,梅干し
渡部　哲男,13656,84期,四国,松山,愛媛県,追,1979/11/29,-,日浅　保幸（岡　山・84期）、矢口啓一郎（群　馬・86期）,-,-,三木　裕次（愛　媛・56期）,板崎　佑矢（愛　媛・101期）、下野　義城（愛　媛・115期）、森本桂太郎（愛　媛・121期）、岡本　翔（愛　媛・123期）、船山　真生（愛　媛・125期）,-,-,肉・魚,しいたけ
渡辺　十夢,13724,85期,近畿,福井,福井県,追,1980/7/5,渡辺 航平(兄79期),-,-,-,松山　勝久（福　井・73期）,-,-,２・８,肉じゃが,カリフラワー
渡邉　晴智,12826,73期,南関東,-,静岡県,追,1973/7/30,渡邉 直弥(113期)､渡邉 雅也(117期）､渡邉栞奈(122期),松江　健一（静　岡・72期）、磯島　康祐（青　森・105期）、成清　貴之（千　葉・73期）、村本　慎吾（静　岡・94期）,渡邉　栞奈（静　岡・122期）、渡邉　雅也（静　岡・117期）,-,村松　清一（静　岡・27期）,藤巻　和大（静　岡・91期）、藤巻　幸大（静　岡・109期）、渡邉　直弥（静　岡・113期）、渡邉　雅也（静　岡・117期）、長田　龍拳（静　岡・117期）、渡邉　栞奈（静　岡・122期）,333m,１～９,果物,-
渡邉　雅也,15444,117期,南関東,静岡,静岡県,両,2001/2/11,渡邉晴智（73期）渡邉直弥（113期）渡邉栞奈(122期）,仁藤　秀（静　岡・117期）、貴志　修己（和歌山・117期）、長田　龍拳（静　岡・117期）、望月　湧世（静　岡・123期）、阿部　俊（静　岡・125期）,渡邉　晴智（静　岡・73期）、渡邉　直弥（静　岡・113期）、長田　龍拳（静　岡・117期）、飯田　憲司（静　岡・96期）、渡邉　栞奈（静　岡・122期）,Team晴智,渡邉　晴智（静　岡・73期）,-,400m,123456789,穴子,かにみそ
渡邉　雄太,14995,105期,南関東,静岡,静岡県,両,1994/12/1,渡邉 直弥(弟113期),高橋　信貴（愛　知・105期）、石塚輪太郎（和歌山・105期）、清水　裕友（山　口・105期）、鈴木　康平（静　岡・123期）,-,Ｔｅａｍ門馬,-,-,-,9,玉屋,コンニャク
渡部　幸訓,14002,89期,北日本,いわき平,福島県,追,1983/6/25,-,渡邉　一成（福　島・88期）、森田　達也（福　島・88期）、松本　昌士（福　島・92期）,谷津田将吾（福　島・83期）、渡邉　一成（福　島・88期）、森田　達也（福　島・88期）、松本　昌士（福　島・92期）、伊藤　司（福　島・83期）,-,谷津田陽一（福　島・25期）,-,-,1,メロン,-
渡口　勝成,15551,119期,中国,防府,山口県,逃,1997/7/9,渡口まりあ,山根　将太（岡　山・119期）、梶原　大地（福　岡・119期）、中島　詩音（山　梨・119期）,-,-,井山　和裕（山　口・84期）,角　宗哉（山　口・125期）,333m,７・９,焼肉、寿司,焼き魚、煮魚
和田　圭,14210,92期,北日本,-,宮城県,追,1986/2/6,-,菅田　壱道（宮　城・91期）、竹山　陵太（宮　城・91期）、柴田　洋輔（東　京・92期）,-,関戸グループ,関戸　努（宮　城・82期）,櫻井祐太郎（宮　城・117期）、原　大智（宮　城・117期）、福田　健太（宮　城・125期）,500m,2,山形冷たい肉そば,スイカ
和田　健太郎,13851,87期,南関東,松戸,千葉県,追,1981/5/27,-,山本　紳貴（千　葉・107期）,-,-,林　和夫（千　葉・58期）,荒川　仁（千　葉・121期）,-,9,焼肉,-
和田　誠寿,14953,103期,中国,広島,広島県,追,1991/4/26,和田 誠吾(父55期),-,前反祐一郎（広　島・81期）、大瀬戸潤一（広　島・95期）,-,和田　誠吾（広　島・55期）,-,-,２・３,焼き肉、寿司,レバー
和田　真久留,14744,99期,南関東,平塚,神奈川県,両,1991/3/2,-,-,渡邊　秀明（神奈川・68期）,平塚競輪場グループ,渡邊　秀明（神奈川・68期）,-,-,１・３,焼肉,-
